{
  "parent": "minecraft:adventure/sleep_in_bed",
  "display": {
    "icon": {
      "item": "minecraft:diamond_boots",
      "nbt": "{Damage:0}"
    },
    "title": {
      "translate": "advancements.adventure.adventuring_time.title"
    },
    "description": {
      "translate": "advancements.adventure.adventuring_time.description"
    },
    "frame": "challenge",
    "show_toast": true,
    "announce_to_chat": true,
    "hidden": false
  },
  "rewards": {
    "experience": 500
  },
  "criteria": {
    "minecraft:overworld/badlands": {
      "trigger": "minecraft:location",
      "conditions": {
        "location": {
          "biome": "minecraft:overworld/badlands"
        }
      }
    },
    "minecraft:overworld/bamboo_jungle": {
      "trigger": "minecraft:location",
      "conditions": {
        "location": {
          "biome": "minecraft:overworld/bamboo_jungle"
        }
      }
    },
    "minecraft:overworld/birch_forest": {
      "trigger": "minecraft:location",
      "conditions": {
        "location": {
          "biome": "minecraft:overworld/birch_forest"
        }
      }
    },
    "minecraft:overworld/cold_ocean": {
      "trigger": "minecraft:location",
      "conditions": {
        "location": {
          "biome": "minecraft:overworld/cold_ocean"
        }
      }
    },
    "minecraft:overworld/dark_forest": {
      "trigger": "minecraft:location",
      "conditions": {
        "location": {
          "biome": "minecraft:overworld/dark_forest"
        }
      }
    },
    "minecraft:overworld/desert": {
      "trigger": "minecraft:location",
      "conditions": {
        "location": {
          "biome": "minecraft:overworld/desert"
        }
      }
    },
    "minecraft:overworld/eroded_badlands": {
      "trigger": "minecraft:location",
      "conditions": {
        "location": {
          "biome": "minecraft:overworld/eroded_badlands"
        }
      }
    },
    "minecraft:overworld/flower_forest": {
      "trigger": "minecraft:location",
      "conditions": {
        "location": {
          "biome": "minecraft:overworld/flower_forest"
        }
      }
    },
    "minecraft:overworld/forest": {
      "trigger": "minecraft:location",
      "conditions": {
        "location": {
          "biome": "minecraft:overworld/forest"
        }
      }
    },
    "minecraft:overworld/frozen_ocean": {
      "trigger": "minecraft:location",
      "conditions": {
        "location": {
          "biome": "minecraft:overworld/frozen_ocean"
        }
      }
    },
    "minecraft:overworld/frozen_peaks": {
      "trigger": "minecraft:location",
      "conditions": {
        "location": {
          "biome": "minecraft:overworld/frozen_peaks"
        }
      }
    },
    "minecraft:overworld/huge_frozen_lakes": {
      "trigger": "minecraft:location",
      "conditions": {
        "location": {
          "biome": "minecraft:overworld/huge_frozen_lakes"
        }
      }
    },
    "minecraft:overworld/huge_lakes": {
      "trigger": "minecraft:location",
      "conditions": {
        "location": {
          "biome": "minecraft:overworld/huge_lakes"
        }
      }
    },
    "minecraft:overworld/ice_spikes": {
      "trigger": "minecraft:location",
      "conditions": {
        "location": {
          "biome": "minecraft:overworld/ice_spikes"
        }
      }
    },
    "minecraft:overworld/jungle": {
      "trigger": "minecraft:location",
      "conditions": {
        "location": {
          "biome": "minecraft:overworld/jungle"
        }
      }
    },
    "minecraft:overworld/lukewarm_ocean": {
      "trigger": "minecraft:location",
      "conditions": {
        "location": {
          "biome": "minecraft:overworld/lukewarm_ocean"
        }
      }
    },
    "minecraft:overworld/mushroom_fields": {
      "trigger": "minecraft:location",
      "conditions": {
        "location": {
          "biome": "minecraft:overworld/mushroom_fields"
        }
      }
    },
    "minecraft:overworld/ocean": {
      "trigger": "minecraft:location",
      "conditions": {
        "location": {
          "biome": "minecraft:overworld/ocean"
        }
      }
    },
    "minecraft:overworld/old_growth_birch_forest": {
      "trigger": "minecraft:location",
      "conditions": {
        "location": {
          "biome": "minecraft:overworld/old_growth_birch_forest"
        }
      }
    },
    "minecraft:overworld/old_growth_pine_taiga": {
      "trigger": "minecraft:location",
      "conditions": {
        "location": {
          "biome": "minecraft:overworld/old_growth_pine_taiga"
        }
      }
    },
    "minecraft:overworld/old_growth_spruce_taiga": {
      "trigger": "minecraft:location",
      "conditions": {
        "location": {
          "biome": "minecraft:overworld/old_growth_spruce_taiga"
        }
      }
    },
    "minecraft:overworld/plains": {
      "trigger": "minecraft:location",
      "conditions": {
        "location": {
          "biome": "minecraft:overworld/plains"
        }
      }
    },
    "minecraft:overworld/savanna": {
      "trigger": "minecraft:location",
      "conditions": {
        "location": {
          "biome": "minecraft:overworld/savanna"
        }
      }
    },
    "minecraft:overworld/snowy_plains": {
      "trigger": "minecraft:location",
      "conditions": {
        "location": {
          "biome": "minecraft:overworld/snowy_plains"
        }
      }
    },
    "minecraft:overworld/snowy_slopes": {
      "trigger": "minecraft:location",
      "conditions": {
        "location": {
          "biome": "minecraft:overworld/snowy_slopes"
        }
      }
    },
    "minecraft:overworld/snowy_taiga": {
      "trigger": "minecraft:location",
      "conditions": {
        "location": {
          "biome": "minecraft:overworld/snowy_taiga"
        }
      }
    },
    "minecraft:overworld/sparse_jungle": {
      "trigger": "minecraft:location",
      "conditions": {
        "location": {
          "biome": "minecraft:overworld/sparse_jungle"
        }
      }
    },
    "minecraft:overworld/sunflower_plains": {
      "trigger": "minecraft:location",
      "conditions": {
        "location": {
          "biome": "minecraft:overworld/sunflower_plains"
        }
      }
    },
    "minecraft:overworld/swamp": {
      "trigger": "minecraft:location",
      "conditions": {
        "location": {
          "biome": "minecraft:overworld/swamp"
        }
      }
    },
    "minecraft:overworld/taiga": {
      "trigger": "minecraft:location",
      "conditions": {
        "location": {
          "biome": "minecraft:overworld/taiga"
        }
      }
    },
    "minecraft:overworld/warm_ocean": {
      "trigger": "minecraft:location",
      "conditions": {
        "location": {
          "biome": "minecraft:overworld/warm_ocean"
        }
      }
    },
    "minecraft:overworld/windswept_forest": {
      "trigger": "minecraft:location",
      "conditions": {
        "location": {
          "biome": "minecraft:overworld/windswept_forest"
        }
      }
    },
    "minecraft:overworld/windswept_gravelly_hills": {
      "trigger": "minecraft:location",
      "conditions": {
        "location": {
          "biome": "minecraft:overworld/windswept_gravelly_hills"
        }
      }
    },
    "minecraft:overworld/windswept_hills": {
      "trigger": "minecraft:location",
      "conditions": {
        "location": {
          "biome": "minecraft:overworld/windswept_hills"
        }
      }
    },
    "minecraft:overworld/windswept_savanna": {
      "trigger": "minecraft:location",
      "conditions": {
        "location": {
          "biome": "minecraft:overworld/windswept_savanna"
        }
      }
    },
    "minecraft:overworld/wooded_badlands": {
      "trigger": "minecraft:location",
      "conditions": {
        "location": {
          "biome": "minecraft:overworld/wooded_badlands"
        }
      }
    }
  }
}