{
  "parent": "minecraft:adventure/lightning_rod_with_villager_no_fire",
  "display": {
    "icon": {
      "item": "minecraft:lightning_rod"
    },
    "title": {
      "translate": "雷击"
    },
    "description": {
      "translate": "使闪电击中任意玩家"
    },
    "frame": "goal",
    "show_toast": true,
    "announce_to_chat": true,
    "hidden": false
  },
  "rewards": {
    "experience": 20
  },
  "criteria": {
    "lightning": {
      "trigger": "minecraft:lightning_strike",
      "conditions": {
        "lightning": [
          {
            "condition": "minecraft:entity_properties",
            "entity": "this",
            "predicate": {
              "lightning_bolt": {
                "entity_struck": {
                  "type": "minecraft:player"
                }
              }
            }
          }
        ]
      }
    }
  },
  "requirements": [
    [
      "lightning"
    ]
  ]
}