{
  "display": {
    "icon": {
      "item": "minecraft:end_portal_frame"
    },
    "title": {
      "translate": "天域商人"
    },
    "description": {
      "translate": "将村民带入末地，并成功交易"
    },
    "show_toast": true,
    "announce_to_chat": true,
    "hidden": false
  },
  "parent": "minecraft:adaventure/trade_at_world_height",
  "criteria": {
    "trade_in_end": {
      "trigger": "minecraft:villager_trade",
      "conditions": {
        "player": [
          {
            "condition": "minecraft:entity_properties",
            "entity": "this",
            "predicate": {
              "location": {
                "dimension": "minecraft:the_end"
              }
            }
          }
        ]
      }
    }
  },
  "rewards": {
    "experience": 15
  }
}
