{
  "parent": "minecraft:adventure/find_a_structure",
  "display": {
    "icon": {
      "item": "minecraft:spruce_planks"
    },
    "title": {
      "translate": "资深宝藏寻求者"
    },
    "description": {
      "translate": "找到所有结构"
    },
    "frame": "challenge",
    "show_toast": true,
    "announce_to_chat": true,
    "hidden": false
  },
  "rewards": {
    "experience": 80
  },
  "criteria": {
    "village": {
      "trigger": "minecraft:location",
      "conditions": {
        "location": {
          "feature": "village"
        }
      }
    },
    "stronghold": {
      "trigger": "minecraft:location",
      "conditions": {
        "location": {
          "feature": "stronghold"
        }
      }
    },
    "desert_pyramid": {
      "trigger": "minecraft:location",
      "conditions": {
        "location": {
          "feature": "desert_pyramid"
        }
      }
    },
    "jungle_pyramid": {
      "trigger": "minecraft:location",
      "conditions": {
        "location": {
          "feature": "jungle_pyramid"
        }
      }
    },
    "pillager_outpost": {
      "trigger": "minecraft:location",
      "conditions": {
        "location": {
          "feature": "pillager_outpost"
        }
      }
    },
    "monument": {
      "trigger": "minecraft:location",
      "conditions": {
        "location": {
          "feature": "monument"
        }
      }
    },
    "shipwreck": {
      "trigger": "minecraft:location",
      "conditions": {
        "location": {
          "feature": "shipwreck"
        }
      }
    },
    "ocean_ruin": {
      "trigger": "minecraft:location",
      "conditions": {
        "location": {
          "feature": "ocean_ruin"
        }
      }
    },
    "igloo": {
      "trigger": "minecraft:location",
      "conditions": {
        "location": {
          "feature": "igloo"
        }
      }
    },
    "swamp_hut": {
      "trigger": "minecraft:location",
      "conditions": {
        "location": {
          "feature": "swamp_hut"
        }
      }
    },
    "fortress": {
      "trigger": "minecraft:location",
      "conditions": {
        "location": {
          "feature": "fortress"
        }
      }
    },
    "bastion_remnant": {
      "trigger": "minecraft:location",
      "conditions": {
        "location": {
          "feature": "bastion_remnant"
        }
      }
    },
    "ruined_portal": {
      "trigger": "minecraft:location",
      "conditions": {
        "location": {
          "feature": "ruined_portal"
        }
      }
    },
    "endcity": {
      "trigger": "minecraft:location",
      "conditions": {
        "location": {
          "feature": "endcity"
        }
      }
    },
    "mansion": {
      "trigger": "minecraft:location",
      "conditions": {
        "location": {
          "feature": "mansion"
        }
      }
    },
    "mineshaft": {
      "trigger": "minecraft:location",
      "conditions": {
        "location": {
          "feature": "mineshaft"
        }
      }
    }
  }
}