{
  "parent": "minecraft:adventure/kill_villager",
  "display": {
    "icon": {
      "item": "minecraft:bone"
    },
    "title": {
      "translate": "死刑！"
    },
    "description": {
      "translate": "杀死村庄中的铁傀儡，建议你不要这么做"
    },
    "frame": "goal",
    "show_toast": true,
    "announce_to_chat": true,
    "hidden": false
  },
  "rewards": {
    "function": "minecraft:mcadventure/kill_iron_golem"
  },
  "criteria": {
    "killed_iron_golem": {
      "trigger": "minecraft:player_killed_entity",
      "conditions": {
        "entity": [
          {
            "condition": "minecraft:entity_properties",
            "predicate": {
              "type": "minecraft:iron_golem"
            },
            "entity": "this"
          }
        ]
      }
    }
  },
  "requirements": [
    [
      "killed_iron_golem"
    ]
  ]
}