{
    "display": {
        "icon": {
            "item": "minecraft:diamond_pickaxe"
        },
        "title": {"translate":"勤劳矿工 III"},
        "description": {"translate":"制作30个钻石镐"},
		"frame": "challenge"
    },
    "parent": "minecraft:stat/many_pickaxe_2",
	"rewards": {
		"experience": 500
    },		
    "criteria": {
        "craft_pickaxe": {
            "trigger": "minecraft:location",
			"conditions": {
				"player":  {
					"player": {
						"stats": [
							{
								"type": "minecraft:crafted",
								"stat": "minecraft:diamond_pickaxe",
								"value": {
									"min": 30
								}
							}
						]
					}
				}
			}
        }
    }
}