{
    "display": {
        "icon": {
            "item": "minecraft:grass_block"
        },
        "title": {"translate":"首个夜晚！"},
        "description": {"translate":"在游戏中生存10分钟"},
		"frame": "task"
    },
    "parent": "minecraft:stat/root",
	"rewards": {
		"experience": 20
    },		
    "criteria": {
        "played_time": {
            "trigger": "minecraft:location",
			"conditions": {
				"player":  {
					"player": {
						"stats": [
							{
								"type": "minecraft:custom",
								"stat": "minecraft:play_time",
								"value": {
									"min": 12000
								}
							}
						]
					}
				}
			}
        }
    }
}