{
    "display": {
        "icon": {
            "item": "minecraft:daylight_detector"
        },
        "title": {"translate":"太阳能控制器"},
        "description": {"translate":"制作一个依靠光的传感器"}
    },
    "parent": "minecraft:redstone/redstone_torch",
	"rewards": {
		"experience": 25
    },	
    "criteria": {
        "daylight_detector": {
            "trigger": "minecraft:inventory_changed",
            "conditions": {
                "items": [
                    {
						"items": [
							"minecraft:daylight_detector"
						]
                    }
                ]
            }
        }
    }
}