{
    "display": {
        "icon": {
            "item": "minecraft:oak_log"
        },
        "title": {"translate":"获得所有原木！"},
        "description": {"color":"#75E1FF","translate":"收集所有8种原木或菌柄"},
		"frame": "goal"
    },
    "parent": "minecraft:building/root",
    "rewards": {
		"function": "minecraft:building/logs",
                                "experience": 20
    },		
    "criteria": {
        "oak": {
            "trigger": "minecraft:inventory_changed",
            "conditions": {
                "items": [
                    {
						"items": [
							"minecraft:oak_log"
						]
                    }
                ]
            }
        },
        "birch": {
            "trigger": "minecraft:inventory_changed",
            "conditions": {
                "items": [
                    {
						"items": [
							"minecraft:birch_log"
						]
                    }
                ]
            }
        },
        "acacia": {
            "trigger": "minecraft:inventory_changed",
            "conditions": {
                "items": [
                    {
						"items": [
							"minecraft:acacia_log"
						]
                    }
                ]
            }
        },
        "jungle": {
            "trigger": "minecraft:inventory_changed",
            "conditions": {
                "items": [
                    {
						"items": [
							"minecraft:jungle_log"
						]
                    }
                ]
            }
        },
        "dark_oak_log": {
            "trigger": "minecraft:inventory_changed",
            "conditions": {
                "items": [
                    {
						"items": [
							"minecraft:dark_oak_log"
						]
                    }
                ]
            }
        },
        "spruce": {
            "trigger": "minecraft:inventory_changed",
            "conditions": {
                "items": [
                    {
						"items": [
							"minecraft:spruce_log"
						]
                    }
                ]
            }
        },
        "crimson": {
            "trigger": "minecraft:inventory_changed",
            "conditions": {
                "items": [
                    {
						"items": [
							"minecraft:crimson_stem"
						]
                    }
                ]
            }
        },
        "warped": {
            "trigger": "minecraft:inventory_changed",
            "conditions": {
                "items": [
                    {
						"items": [
							"minecraft:warped_stem"
						]
                    }
                ]
            }
        }
    }
}