{
    "display": {
        "icon": {
            "item": "minecraft:torch"
        },
        "title": {"translate":"我真的需要照亮"},
        "description": {"translate":"制作一组火把"},
		"frame": "goal"
    },
    "parent": "minecraft:building/torch",
	"rewards": {
		"experience": 30
    },		
    "criteria": {
        "torch": {
            "trigger": "minecraft:inventory_changed",
            "conditions": {
                "items": [
                    {
						"items": [
							"minecraft:torch"
						],
						"count": 64
                    }
                ]
            }
        }
    }
}