{
  "config": {
    "lava_level": {
      "above_bottom": 8
    },
    "aquifers_enabled": false,
    "debug_settings": {
      "water_state": {
        "Properties": {
          "waterlogged": "false",
          "lit": "false",
          "candles": "1"
        },
        "Name": "minecraft:candle"
      },
      "lava_state": {
        "Name": "minecraft:orange_stained_glass"
      },
      "barrier_state": {
        "Name": "minecraft:glass"
      },
      "air_state": {
        "Properties": {
          "powered": "false",
          "facing": "north",
          "face": "wall"
        },
        "Name": "minecraft:crimson_button"
      }
    },
    "probability": 0.06666667,
    "y": {
      "min_inclusive": {
        "above_bottom": 0
      },
      "max_inclusive": {
        "absolute": 191
      },
      "inner": 8,
      "type": "minecraft:biased_to_bottom"
    },
    "yScale": 0.5,
    "horizontal_radius_multiplier": 1.0,
    "vertical_radius_multiplier": 1.0,
    "floor_level": -0.7
  },
  "type": "minecraft:cave"
}