{
  "config": {
    "feature": {
      "config": {
        "feature": {
          "config": {
            "targets": [
              {
                "target": {
                  "tag": "minecraft:stone_ore_replaceables",
                  "predicate_type": "minecraft:tag_match"
                },
                "state": {
                  "Name": "minecraft:diamond_ore"
                }
              },
              {
                "target": {
                  "tag": "minecraft:deepslate_ore_replaceables",
                  "predicate_type": "minecraft:tag_match"
                },
                "state": {
                  "Name": "minecraft:deepslate_diamond_ore"
                }
              }
            ],
            "size": 8,
            "discard_chance_on_air_exposure": 0.0
          },
          "type": "minecraft:ore"
        },
        "decorator": {
          "config": {
            "height": {
              "min_inclusive": {
                "above_bottom": 0
              },
              "max_inclusive": {
                "absolute": 15
              },
              "type": "minecraft:uniform"
            }
          },
          "type": "minecraft:range"
        }
      },
      "type": "minecraft:decorated"
    },
    "decorator": {
      "config": {},
      "type": "minecraft:square"
    }
  },
  "type": "minecraft:decorated"
}