{
  "parent": "minecraft:building/stone",
  "display": {
    "icon": {
      "item": "minecraft:stone_bricks"
    },
    "title": {
      "translate": "那是，石灰石？"
    },
    "description": {
      "translate": "用石头制作石砖"
    },
    "frame": "task",
    "show_toast": true,
    "announce_to_chat": true,
    "hidden": false
  },
  "rewards": {
    "function": "minecraft:building/stone_brick"
  },
  "criteria": {
    "brick": {
      "trigger": "minecraft:inventory_changed",
      "conditions": {
        "items": [
          {
            "items": [
              "minecraft:stone_bricks"
            ]
          }
        ]
      }
    }
  },
  "requirements": [
    [
      "brick"
    ]
  ]
}