{
  "parent": "minecraft:building/root",
  "display": {
    "icon": {
      "item": "minecraft:stone"
    },
    "title": {
      "translate": "原石"
    },
    "description": {
      "translate": "用开采的圆石烧炼成石头"
    },
    "frame": "task",
    "show_toast": true,
    "announce_to_chat": true,
    "hidden": false
  },
  "rewards": {
    "function": "minecraft:building/stone"
  },
  "criteria": {
    "stone": {
      "trigger": "minecraft:inventory_changed",
      "conditions": {
        "items": [
          {
            "items": [
              "minecraft:stone"
            ]
          }
        ]
      }
    }
  },
  "requirements": [
    [
      "stone"
    ]
  ]
}