{
  "parent": "minecraft:story/mine_stone",
  "display": {
    "icon": {
      "item": "minecraft:furnace"
    },
    "title": {
      "translate": "“热”门话题"
    },
    "description": {
      "translate": "用8个圆石制作熔炉"
    },
    "frame": "task",
    "show_toast": true,
    "announce_to_chat": true,
    "hidden": false
  },
  "rewards": {
    "funcion": "minecraft:mcstory/furnace"
  },
  "criteria": {
    "furnace": {
      "trigger": "minecraft:inventory_changed",
      "conditions": {
        "items": [
          {
            "items": [
              "minecraft:furnace"
            ]
          }
        ]
      }
    }
  },
  "requirements": [
    [
      "furnace"
    ]
  ]
}