{
    "display": {
        "icon": {
            "item": "minecraft:oak_log"
        },
        "title": {"translate":"获得木头"},
        "description": {"translate":"摧毁树木直到跳出一个树木方块"}
    },
    "parent": "minecraft:story/root",
	"rewards": {
		"function": "minecraft:mcstory/oak_log"
    },		
    "criteria": {
        "oak_log": {
            "trigger": "minecraft:inventory_changed",
            "conditions": {
                "items": [
                    {
						"items": [
							"minecraft:oak_log"
						]
                    }
                ]
            }
        },
        "spruce_log": {
            "trigger": "minecraft:inventory_changed",
            "conditions": {
                "items": [
                    {
						"items": [
							"minecraft:spruce_log"
						]
                    }
                ]
            }
        },
        "birch_log": {
            "trigger": "minecraft:inventory_changed",
            "conditions": {
                "items": [
                    {
						"items": [
							"minecraft:birch_log"
						]
                    }
                ]
            }
        },
        "jungle_log": {
            "trigger": "minecraft:inventory_changed",
            "conditions": {
                "items": [
                    {
						"items": [
							"minecraft:jungle_log"
						]
                    }
                ]
            }
        },
        "acacia_log": {
            "trigger": "minecraft:inventory_changed",
            "conditions": {
                "items": [
                    {
						"items": [
							"minecraft:acacia_log"
						]
                    }
                ]
            }
        },
        "dark_oak_log": {
            "trigger": "minecraft:inventory_changed",
            "conditions": {
                "items": [
                    {
						"items": [
							"minecraft:dark_oak_log"
						]
                    }
                ]
            }
        }
    },
    "requirements": [
		[
        "oak_log",
        "spruce_log",
		"birch_log",
		"jungle_log",
		"acacia_log",
		"dark_oak_log"
		]
    ]
}