{
    "display": {
        "icon": {
            "item": "minecraft:crafting_table"
        },
        "title": {"translate":"这是？工作台"},
        "description": {"translate":"用4个木板合成工作台"}
    },
    "parent": "minecraft:story/oak_log",
	"rewards": {
		"function": "minecraft:mcstory/crafting_table"
    },		
    "criteria": {
        "crafting_table": {
            "trigger": "minecraft:inventory_changed",
            "conditions": {
                "items": [
                    {
                        "items": [ 
							"minecraft:crafting_table"
						]
                    }
                ]
            }
        }
    }
}