{
  "parent": "minecraft:building/mine_deepslate",
  "display": {
    "icon": {
      "item": "minecraft:deepslate"
    },
    "title": {
      "translate": "原样的深色石头"
    },
    "description": {
      "translate": "烧炼开采的深板岩圆石"
    },
    "frame": "task",
    "show_toast": true,
    "announce_to_chat": true,
    "hidden": false
  },
  "rewards": {
    "function": "minecraft:building/mine_deepslate"
  },
  "criteria": {
    "deepslate": {
      "trigger": "minecraft:inventory_changed",
      "conditions": {
        "items": [
          {
            "items": [
              "minecraft:deepslate"
            ]
          }
        ]
      }
    }
  },
  "requirements": [
    [
      "deepslate"
    ]
  ]
}