{
    "display": {
        "icon": {
            "item": "minecraft:oak_wood"
        },
        "title": {"translate":"获得所有木头！"},
        "description": {"color":"#75E1FF","translate":"收集所有8种木头或菌核"},
		"frame": "goal"
    },
    "parent": "minecraft:building/logs",
    "rewards": {
		"function": "minecraft:building/woods",
                                "experience": 20
    },		
    "criteria": {
        "oak": {
            "trigger": "minecraft:inventory_changed",
            "conditions": {
                "items": [
                    {
						"items": [
							"minecraft:oak_wood"
						]
                    }
                ]
            }
        },
        "birch": {
            "trigger": "minecraft:inventory_changed",
            "conditions": {
                "items": [
                    {
						"items": [
							"minecraft:birch_wood"
						]
                    }
                ]
            }
        },
        "acacia": {
            "trigger": "minecraft:inventory_changed",
            "conditions": {
                "items": [
                    {
						"items": [
							"minecraft:acacia_wood"
						]
                    }
                ]
            }
        },
        "jungle": {
            "trigger": "minecraft:inventory_changed",
            "conditions": {
                "items": [
                    {
						"items": [
							"minecraft:jungle_wood"
						]
                    }
                ]
            }
        },
        "dark_oak_wood": {
            "trigger": "minecraft:inventory_changed",
            "conditions": {
                "items": [
                    {
						"items": [
							"minecraft:dark_oak_wood"
						]
                    }
                ]
            }
        },
        "spruce": {
            "trigger": "minecraft:inventory_changed",
            "conditions": {
                "items": [
                    {
						"items": [
							"minecraft:spruce_wood"
						]
                    }
                ]
            }
        },
        "crimson": {
            "trigger": "minecraft:inventory_changed",
            "conditions": {
                "items": [
                    {
						"items": [
							"minecraft:crimson_hyphae"
						]
                    }
                ]
            }
        },
        "warped": {
            "trigger": "minecraft:inventory_changed",
            "conditions": {
                "items": [
                    {
						"items": [
							"minecraft:warped_hyphae"
						]
                    }
                ]
            }
        }
    }
}