{
  "parent": "minecraft:nether/summon_wither",
  "display": {
    "icon": {
      "item": "minecraft:nether_star"
    },
    "title": {
      "translate": "开始了。"
    },
    "description": {
      "translate": "杀死凋灵"
    },
    "frame": "task",
    "show_toast": true,
    "announce_to_chat": true,
    "hidden": false
  },
  "rewards": {
    "experience": 200
  },
  "criteria": {
    "killed_wither": {
      "trigger": "minecraft:player_killed_entity",
      "conditions": {
        "entity": [
          {
            "condition": "minecraft:entity_properties",
            "predicate": {
              "type": "minecraft:wither"
            },
            "entity": "this"
          }
        ]
      }
    }
  },
  "requirements": [
    [
      "killed_wither"
    ]
  ]
}