{
  "parent": "minecraft:nether/find_bastion",
  "display": {
    "icon": {
      "item": "minecraft:chest"
    },
    "title": {
      "translate": "advancements.nether.loot_bastion.title"
    },
    "description": {
      "translate": "advancements.nether.loot_bastion.description"
    },
    "frame": "task",
    "show_toast": true,
    "announce_to_chat": true,
    "hidden": false
  },
  "rewards": {
    "experience": 5
  },
  "criteria": {
    "loot_bastion_other": {
      "trigger": "minecraft:player_generates_container_loot",
      "conditions": {
        "loot_table": "minecraft:chests/bastion_other"
      }
    },
    "loot_bastion_treasure": {
      "trigger": "minecraft:player_generates_container_loot",
      "conditions": {
        "loot_table": "minecraft:chests/bastion_treasure"
      }
    },
    "loot_bastion_hoglin_stable": {
      "trigger": "minecraft:player_generates_container_loot",
      "conditions": {
        "loot_table": "minecraft:chests/bastion_hoglin_stable"
      }
    },
    "loot_bastion_bridge": {
      "trigger": "minecraft:player_generates_container_loot",
      "conditions": {
        "loot_table": "minecraft:chests/bastion_bridge"
      }
    }
  },
  "requirements": [
    [
      "loot_bastion_other",
      "loot_bastion_treasure",
      "loot_bastion_hoglin_stable",
      "loot_bastion_bridge"
    ]
  ]
}