{
  "parent": "minecraft:nether/root",
  "display": {
    "icon": {
      "item": "minecraft:ancient_debris"
    },
    "title": {
      "translate": "advancements.nether.obtain_ancient_debris.title"
    },
    "description": {
      "translate": "advancements.nether.obtain_ancient_debris.description"
    },
    "frame": "task",
    "show_toast": true,
    "announce_to_chat": true,
    "hidden": false
  },
  "rewards": {
    "function": "minecraft:mcnether/obtain_ancient_debris"
  },
  "criteria": {
    "ancient_debris": {
      "trigger": "minecraft:inventory_changed",
      "conditions": {
        "items": [
          {
            "items": [
              "minecraft:ancient_debris"
            ]
          }
        ]
      }
    }
  },
  "requirements": [
    [
      "ancient_debris"
    ]
  ]
}