{
  "parent": "minecraft:nether/root",
  "display": {
    "icon": {
      "item": "minecraft:crying_obsidian"
    },
    "title": {
      "translate": "advancements.nether.obtain_crying_obsidian.title"
    },
    "description": {
      "translate": "advancements.nether.obtain_crying_obsidian.description"
    },
    "frame": "task",
    "show_toast": true,
    "announce_to_chat": true,
    "hidden": false
  },
  "rewards": {
    "function": "minecraft:mcnether/obtain_crying_obsidian"
  },
  "criteria": {
    "crying_obsidian": {
      "trigger": "minecraft:inventory_changed",
      "conditions": {
        "items": [
          {
            "items": [
              "minecraft:crying_obsidian"
            ]
          }
        ]
      }
    }
  },
  "requirements": [
    [
      "crying_obsidian"
    ]
  ]
}