{
  "parent": "minecraft:nether/brew_potion",
  "display": {
    "icon": {
      "item": "minecraft:tipped_arrow",
      "nbt": "{Potion:\"minecraft:strength\"}"
    },
    "title": {
      "translate": "本地制箭厂"
    },
    "description": {
      "translate": "造出任意药箭"
    },
    "frame": "task",
    "show_toast": true,
    "announce_to_chat": true,
    "hidden": false
  },
  "rewards": {
    "function": "minecraft:mcnether/tipped_arrow"
  },
  "criteria": {
    "arrow": {
      "trigger": "minecraft:inventory_changed",
      "conditions": {
        "items": [
          {
            "items": [
              "minecraft:tipped_arrow"
            ]
          }
        ]
      }
    }
  },
  "requirements": [
    [
      "arrow"
    ]
  ]
}