{
    "display": {
        "icon": {
            "item": "minecraft:hay_block"
        },
        "title": {"translate":"农牧业"},
        "description": {"translate":"完成所有农牧业成就"},
		"frame": "challenge"
    },
    "parent": "minecraft:advcollect/root",
	"rewards": {
		"function": "minecraft:advcollect/all_adv_husbandry",
		"experience": 6000
    },		
    "criteria": {
        "axoloti": {
            "trigger": "minecraft:location",
			"conditions": {
				"player":  {
					"player": {
						"advancements": {
							"minecraft:husbandry/axolotl_in_a_bucket": "true"
						}
					}
				}
			}
        },
        "balanced": {
            "trigger": "minecraft:location",
			"conditions": {
				"player":  {
					"player": {
						"advancements": {
							"minecraft:husbandry/balanced_diet": "true"
						}
					}
				}
			}
        },
        "bread": {
            "trigger": "minecraft:location",
			"conditions": {
				"player":  {
					"player": {
						"advancements": {
							"minecraft:husbandry/bread": "true"
						}
					}
				}
			}
        },
		"break_netherite_hoe": {
            "trigger": "minecraft:location",
			"conditions": {
				"player":  {
					"player": {
						"advancements": {
							"minecraft:husbandry/break_netherite_hoe": "true"
						}
					}
				}
			}
        },
		"bred_all_animals": {
            "trigger": "minecraft:location",
			"conditions": {
				"player":  {
					"player": {
						"advancements": {
							"minecraft:husbandry/bred_all_animals": "true"
						}
					}
				}
			}
        },
		"bred_animal": {
            "trigger": "minecraft:location",
			"conditions": {
				"player":  {
					"player": {
						"advancements": {
							"minecraft:husbandry/breed_an_animal": "true"
						}
					}
				}
			}
        },
		"cake": {
            "trigger": "minecraft:location",
			"conditions": {
				"player":  {
					"player": {
						"advancements": {
							"minecraft:husbandry/cake": "true"
						}
					}
				}
			}
        },
		"catalogue": {
            "trigger": "minecraft:location",
			"conditions": {
				"player":  {
					"player": {
						"advancements": {
							"minecraft:husbandry/complete_catalogue": "true"
						}
					}
				}
			}
        },
		"fish": {
            "trigger": "minecraft:location",
			"conditions": {
				"player":  {
					"player": {
						"advancements": {
							"minecraft:husbandry/fishy_business": "true"
						}
					}
				}
			}
        },
		"kill_axoloti": {
            "trigger": "minecraft:location",
			"conditions": {
				"player":  {
					"player": {
						"advancements": {
							"minecraft:husbandry/kill_axolotl_target": "true"
						}
					}
				}
			}
        },
		"sign": {
            "trigger": "minecraft:location",
			"conditions": {
				"player":  {
					"player": {
						"advancements": {
							"minecraft:husbandry/make_a_sign_glow": "true"
						}
					}
				}
			}
        },
		"netherite_hoe": {
            "trigger": "minecraft:location",
			"conditions": {
				"player":  {
					"player": {
						"advancements": {
							"minecraft:husbandry/obtain_netherite_hoe": "true"
						}
					}
				}
			}
        },
		"overpowered": {
            "trigger": "minecraft:location",
			"conditions": {
				"player":  {
					"player": {
						"advancements": {
							"minecraft:husbandry/overpowered": "true"
						}
					}
				}
			}
        },
		"seed": {
            "trigger": "minecraft:location",
			"conditions": {
				"player":  {
					"player": {
						"advancements": {
							"minecraft:husbandry/plant_seed": "true"
						}
					}
				}
			}
        },
		"boat": {
            "trigger": "minecraft:location",
			"conditions": {
				"player":  {
					"player": {
						"advancements": {
							"minecraft:husbandry/ride_a_boat_with_a_goat": "true"
						}
					}
				}
			}
        },
		"husbandry_root": {
            "trigger": "minecraft:location",
			"conditions": {
				"player":  {
					"player": {
						"advancements": {
							"minecraft:husbandry/root": "true"
						}
					}
				}
			}
        },
		"safe_honey": {
            "trigger": "minecraft:location",
			"conditions": {
				"player":  {
					"player": {
						"advancements": {
							"minecraft:husbandry/safely_harvest_honey": "true"
						}
					}
				}
			}
        },
		"slik": {
            "trigger": "minecraft:location",
			"conditions": {
				"player":  {
					"player": {
						"advancements": {
							"minecraft:husbandry/silk_touch_nest": "true"
						}
					}
				}
			}
        },
		"fishing": {
            "trigger": "minecraft:location",
			"conditions": {
				"player":  {
					"player": {
						"advancements": {
							"minecraft:husbandry/tactical_fishing": "true"
						}
					}
				}
			}
        },
		"tame": {
            "trigger": "minecraft:location",
			"conditions": {
				"player":  {
					"player": {
						"advancements": {
							"minecraft:husbandry/tame_an_animal": "true"
						}
					}
				}
			}
        },
		"wax_off": {
            "trigger": "minecraft:location",
			"conditions": {
				"player":  {
					"player": {
						"advancements": {
							"minecraft:husbandry/wax_off": "true"
						}
					}
				}
			}
        },
		"wax_on": {
            "trigger": "minecraft:location",
			"conditions": {
				"player":  {
					"player": {
						"advancements": {
							"minecraft:husbandry/wax_on": "true"
						}
					}
				}
			}
        }
    }
}