{
    "display": {
        "icon": {
            "item": "minecraft:golden_sword"
        },
        "title": {"translate":"战斗"},
        "description": {"translate":"完成所有战斗成就"},
		"frame": "challenge"
    },
    "parent": "minecraft:advcollect/root",
	"rewards": {
		"function": "minecraft:advcollect/all_adv_fight",
		"experience": 2200
    },		
    "criteria": {
        "combat_wc": {
            "trigger": "minecraft:location",
			"conditions": {
				"player":  {
					"player": {
						"advancements": {
							"minecraft:fight/combat_complete": "true"
						}
					}
				}
			}
        },
        "damage_a_lot": {
            "trigger": "minecraft:location",
			"conditions": {
				"player":  {
					"player": {
						"advancements": {
							"minecraft:fight/damage_a_lot": "true"
						}
					}
				}
			}
        },
        "defeat": {
            "trigger": "minecraft:location",
			"conditions": {
				"player":  {
					"player": {
						"advancements": {
							"minecraft:fight/defeat": "true"
						}
					}
				}
			}
        },
        "diamond_armor": {
            "trigger": "minecraft:location",
			"conditions": {
				"player":  {
					"player": {
						"advancements": {
							"minecraft:fight/diamond_armor": "true"
						}
					}
				}
			}
        },
        "diamond_sword": {
            "trigger": "minecraft:location",
			"conditions": {
				"player":  {
					"player": {
						"advancements": {
							"minecraft:fight/diamond_sword": "true"
						}
					}
				}
			}
        },
		"hunter_enderman": {
            "trigger": "minecraft:location",
			"conditions": {
				"player":  {
					"player": {
						"advancements": {
							"minecraft:fight/hunter_enderman": "true"
						}
					}
				}
			}
        },
		"hunter_skeleton": {
            "trigger": "minecraft:location",
			"conditions": {
				"player":  {
					"player": {
						"advancements": {
							"minecraft:fight/hunter_skeleton": "true"
						}
					}
				}
			}
        },
		"hunter_spider": {
            "trigger": "minecraft:location",
			"conditions": {
				"player":  {
					"player": {
						"advancements": {
							"minecraft:fight/hunter_spider": "true"
						}
					}
				}
			}
        },
		"hunter_zombie": {
            "trigger": "minecraft:location",
			"conditions": {
				"player":  {
					"player": {
						"advancements": {
							"minecraft:fight/hunter_zombie": "true"
						}
					}
				}
			}
        },
		"iron_armor": {
            "trigger": "minecraft:location",
			"conditions": {
				"player":  {
					"player": {
						"advancements": {
							"minecraft:fight/iron_armor": "true"
						}
					}
				}
			}
        },
		"iron_sword": {
            "trigger": "minecraft:location",
			"conditions": {
				"player":  {
					"player": {
						"advancements": {
							"minecraft:fight/iron_sword": "true"
						}
					}
				}
			}
        },
		"blaze_snow": {
            "trigger": "minecraft:location",
			"conditions": {
				"player":  {
					"player": {
						"advancements": {
							"minecraft:fight/kill_blaze_with_snowball": "true"
						}
					}
				}
			}
        },
		"short_distance": {
            "trigger": "minecraft:location",
			"conditions": {
				"player":  {
					"player": {
						"advancements": {
							"minecraft:fight/kill_skeleton_in_short_distance": "true"
						}
					}
				}
			}
        },
		"leather_armor_all": {
            "trigger": "minecraft:location",
			"conditions": {
				"player":  {
					"player": {
						"advancements": {
							"minecraft:fight/leather_armor": "true"
						}
					}
				}
			}
        },
		"librarian": {
            "trigger": "minecraft:location",
			"conditions": {
				"player":  {
					"player": {
						"advancements": {
							"minecraft:fight/librarian": "true"
						}
					}
				}
			}
        },
		"leather_armor": {
            "trigger": "minecraft:location",
			"conditions": {
				"player":  {
					"player": {
						"advancements": {
							"minecraft:fight/obtain_leather": "true"
						}
					}
				}
			}
        },
		"overkill": {
            "trigger": "minecraft:location",
			"conditions": {
				"player":  {
					"player": {
						"advancements": {
							"minecraft:fight/overkill": "true"
						}
					}
				}
			}
        },
		"root": {
            "trigger": "minecraft:location",
			"conditions": {
				"player":  {
					"player": {
						"advancements": {
							"minecraft:fight/root": "true"
						}
					}
				}
			}
        },
		"shield": {
            "trigger": "minecraft:location",
			"conditions": {
				"player":  {
					"player": {
						"advancements": {
							"minecraft:fight/shield": "true"
						}
					}
				}
			}
        }
    }
}