{
    "display": {
        "icon": {
            "item": "minecraft:oak_planks"
        },
        "title": {"translate":"建筑"},
        "description": {"translate":"完成所有建筑成就"},
		"frame": "challenge"
    },
    "parent": "minecraft:advcollect/root",
	"rewards": {
		"function": "minecraft:advcollect/all_adv_building",
		"experience": 1280
    },		
    "criteria": {
        "all_terracotta": {
            "trigger": "minecraft:location",
			"conditions": {
				"player":  {
					"player": {
						"advancements": {
							"minecraft:building/all_terracotta": "true"
						}
					}
				}
			}
        },
        "badlands": {
            "trigger": "minecraft:location",
			"conditions": {
				"player":  {
					"player": {
						"advancements": {
							"minecraft:building/badlands": "true"
						}
					}
				}
			}
        },
        "coal_bl": {
            "trigger": "minecraft:location",
			"conditions": {
				"player":  {
					"player": {
						"advancements": {
							"minecraft:building/coal_block": "true"
						}
					}
				}
			}
        },
        "glass_color": {
            "trigger": "minecraft:location",
			"conditions": {
				"player":  {
					"player": {
						"advancements": {
							"minecraft:building/color_glass_pane": "true"
						}
					}
				}
			}
        },
		"copper_bl": {
            "trigger": "minecraft:location",
			"conditions": {
				"player":  {
					"player": {
						"advancements": {
							"minecraft:building/copper_block": "true"
						}
					}
				}
			}
        },
		"deepslate": {
            "trigger": "minecraft:location",
			"conditions": {
				"player":  {
					"player": {
						"advancements": {
							"minecraft:building/deepslate": "true"
						}
					}
				}
			}
        },
		"dia_bl": {
            "trigger": "minecraft:location",
			"conditions": {
				"player":  {
					"player": {
						"advancements": {
							"minecraft:building/diamond_block": "true"
						}
					}
				}
			}
        },
		"glass": {
            "trigger": "minecraft:location",
			"conditions": {
				"player":  {
					"player": {
						"advancements": {
							"minecraft:building/glass": "true"
						}
					}
				}
			}
        },
		"gl_pane": {
            "trigger": "minecraft:location",
			"conditions": {
				"player":  {
					"player": {
						"advancements": {
							"minecraft:building/glass_pane": "true"
						}
					}
				}
			}
        },
		"gold_bl": {
            "trigger": "minecraft:location",
			"conditions": {
				"player":  {
					"player": {
						"advancements": {
							"minecraft:building/gold_block": "true"
						}
					}
				}
			}
        },
		"iron_bl": {
            "trigger": "minecraft:location",
			"conditions": {
				"player":  {
					"player": {
						"advancements": {
							"minecraft:building/iron_block": "true"
						}
					}
				}
			}
        },
		"all_logs": {
            "trigger": "minecraft:location",
			"conditions": {
				"player":  {
					"player": {
						"advancements": {
							"minecraft:building/logs": "true"
						}
					}
				}
			}
        },
		"mine_deepslate": {
            "trigger": "minecraft:location",
			"conditions": {
				"player":  {
					"player": {
						"advancements": {
							"minecraft:building/mine_deepslate": "true"
						}
					}
				}
			}
        },
		"torches": {
            "trigger": "minecraft:location",
			"conditions": {
				"player":  {
					"player": {
						"advancements": {
							"minecraft:building/many_torches": "true"
						}
					}
				}
			}
        },
		"all_planks": {
            "trigger": "minecraft:location",
			"conditions": {
				"player":  {
					"player": {
						"advancements": {
							"minecraft:building/planks": "true"
						}
					}
				}
			}
        },
		"build_root": {
            "trigger": "minecraft:location",
			"conditions": {
				"player":  {
					"player": {
						"advancements": {
							"minecraft:building/root": "true"
						}
					}
				}
			}
        },
		"sand": {
            "trigger": "minecraft:location",
			"conditions": {
				"player":  {
					"player": {
						"advancements": {
							"minecraft:building/sand": "true"
						}
					}
				}
			}
        },
		"stone": {
            "trigger": "minecraft:location",
			"conditions": {
				"player":  {
					"player": {
						"advancements": {
							"minecraft:building/stone": "true"
						}
					}
				}
			}
        },
		"stone_brick": {
            "trigger": "minecraft:location",
			"conditions": {
				"player":  {
					"player": {
						"advancements": {
							"minecraft:building/stone_brick": "true"
						}
					}
				}
			}
        },
		"stripped_logs": {
            "trigger": "minecraft:location",
			"conditions": {
				"player":  {
					"player": {
						"advancements": {
							"minecraft:building/stripped_logs": "true"
						}
					}
				}
			}
        },
		"stripped_woods": {
            "trigger": "minecraft:location",
			"conditions": {
				"player":  {
					"player": {
						"advancements": {
							"minecraft:building/stripped_woods": "true"
						}
					}
				}
			}
        },
		"torch": {
            "trigger": "minecraft:location",
			"conditions": {
				"player":  {
					"player": {
						"advancements": {
							"minecraft:building/torch": "true"
						}
					}
				}
			}
        },
		"all_woods": {
            "trigger": "minecraft:location",
			"conditions": {
				"player":  {
					"player": {
						"advancements": {
							"minecraft:building/woods": "true"
						}
					}
				}
			}
        }
    }
}