{
  "parent": "minecraft:biome/root",
  "display": {
    "icon": {
      "item": "minecraft:water_bucket"
    },
    "title": {
      "translate": "水下"
    },
    "description": {
      "translate": "从水里游泳"
    },
    "frame": "task",
    "show_toast": true,
    "announce_to_chat": true,
    "hidden": false
  },
  "rewards": {
    "experience": 3
  },
  "criteria": {
    "entered_water": {
      "trigger": "minecraft:enter_block",
      "conditions": {
        "block": "minecraft:water"
      }
    }
  },
  "requirements": [
    [
      "entered_water"
    ]
  ]
}