{
    "display": {
        "icon": {
            "item": "minecraft:oak_boat"
        },
        "title": {"translate":"游泳时间到！"},
        "description": {"translate":"发现河流"},
		"frame": "task",
		"hidden": "false"
    },
    "parent": "minecraft:biome/enter_water",	
    "rewards": {
		"experience": 4
    },	
    "criteria": {
        "river": {
            "trigger": "minecraft:location",
            "conditions": {
                "biome": "minecraft:river"
            }
        }
    }
}