{
    "display": {
        "icon": {
            "item": "minecraft:creeper_head"
        },
        "title": {"translate":"转危为安"},
        "description": {"translate":"逃离苦力怕的世界"},
		"frame": "challenge",
		"hidden": "false"
    },
    "parent": "minecraft:biome/all_creeper_biome",	
    "rewards": {
		"function": "minecraft:biome/leave_creeper_world",
		"experience": 325
    },	
    "criteria": {
        "impossible": {
            "trigger": "minecraft:impossible"
        },
        "leave_creeper_world": {
            "trigger": "minecraft:changed_dimension",
            "conditions": {
                "to": "minecraft:the_end",
                "from": "minecraft:creeper_world"
            }
        },
        "leave_creeper_checkerboard": {
            "trigger": "minecraft:changed_dimension",
            "conditions": {
                "to": "minecraft:the_end",
                "from": "minecraft:creeper_checkerboard"
            }
        }
    },
    "requirements": [
        [
            "impossible",
            "leave_creeper_world",
            "leave_creeper_checkerboard"
        ]
    ]
}