{
  "parent": "minecraft:biome/edge_of_the_world",
  "display": {
    "icon": {
      "item": "minecraft:player_head",
      "nbt": "{Damage:0}"
    },
    "title": {
      "translate": "到世界边缘了。"
    },
    "description": {
      "translate": "这里开始会错误生成条纹海等(16777216)"
    },
    "frame": "goal",
    "show_toast": true,
    "announce_to_chat": true,
    "hidden": false
  },
  "rewards": {
    "experience": 150
  },
  "criteria": {
    "edge_of_world": {
      "trigger": "minecraft:location",
      "conditions": {
        "location": {
          "position": {
            "x": {
              "min": 16777216
            }
          }
        }
      }
    },
    "edge_of_world_minus": {
      "trigger": "minecraft:location",
      "conditions": {
        "location": {
          "position": {
            "x": {
              "max": -16777216
            }
          }
        }
      }
    },
    "edge_of_world_z": {
      "trigger": "minecraft:location",
      "conditions": {
        "location": {
          "position": {
            "z": {
              "min": 16777216
            }
          }
        }
      }
    },
    "edge_of_world_z_minus": {
      "trigger": "minecraft:location",
      "conditions": {
        "location": {
          "position": {
            "z": {
              "max": -16777216
            }
          }
        }
      }
    }
  },
  "requirements": [
    [
      "edge_of_world",
      "edge_of_world_minus",
      "edge_of_world_z",
      "edge_of_world_z_minus"
    ]
  ]
}