{
  "parent": "minecraft:end/kill_dragon",
  "display": {
    "icon": {
      "item": "minecraft:dragon_breath"
    },
    "title": {
      "translate": "advancements.end.dragon_breath.title"
    },
    "description": {
      "translate": "advancements.end.dragon_breath.description"
    },
    "frame": "goal",
    "show_toast": true,
    "announce_to_chat": true,
    "hidden": false
  },
  "rewards": {
    "function": "minecraft:mcend/dragon"
  },
  "criteria": {
    "dragon_breath": {
      "trigger": "minecraft:inventory_changed",
      "conditions": {
        "items": [
          {
            "items": [
              "minecraft:dragon_breath"
            ]
          }
        ]
      }
    }
  },
  "requirements": [
    [
      "dragon_breath"
    ]
  ]
}