{
  "parent": "minecraft:adventure/kill_a_mob",
  "display": {
    "icon": {
      "item": "minecraft:bone"
    },
    "title": {
      "translate": "战败"
    },
    "description": {
      "translate": "再接再厉"
    },
    "frame": "task",
    "show_toast": true,
    "announce_to_chat": true,
    "hidden": false
  },
  "rewards": {
    "function": "minecraft:fight/defeat"
  },
  "criteria": {
    "defeat": {
      "trigger": "minecraft:entity_killed_player",
      "conditions": {}
    }
  },
  "requirements": [
    [
      "defeat"
    ]
  ]
}