{
  "parent": "minecraft:adventure/kill_a_mob",
  "display": {
    "icon": {
      "item": "minecraft:leather_chestplate",
      "nbt": "{Damage:0}"
    },
    "title": {
      "translate": "皮革护体"
    },
    "description": {
      "translate": "用皮革制作防护套装"
    },
    "frame": "task",
    "show_toast": true,
    "announce_to_chat": true,
    "hidden": false
  },
  "rewards": {
    "function": "minecraft:fight/obtain_leather"
  },
  "criteria": {
    "leather_helmet": {
      "trigger": "minecraft:inventory_changed",
      "conditions": {
        "items": [
          {
            "items": [
              "minecraft:leather_helmet"
            ]
          }
        ]
      }
    },
    "leather_chestplate": {
      "trigger": "minecraft:inventory_changed",
      "conditions": {
        "items": [
          {
            "items": [
              "minecraft:leather_chestplate"
            ]
          }
        ]
      }
    },
    "leather_leggings": {
      "trigger": "minecraft:inventory_changed",
      "conditions": {
        "items": [
          {
            "items": [
              "minecraft:leather_leggings"
            ]
          }
        ]
      }
    },
    "leather_boots": {
      "trigger": "minecraft:inventory_changed",
      "conditions": {
        "items": [
          {
            "items": [
              "minecraft:leather_boots"
            ]
          }
        ]
      }
    }
  },
  "requirements": [
    [
      "leather_helmet",
      "leather_chestplate",
      "leather_leggings",
      "leather_boots"
    ]
  ]
}