{
  "parent": "minecraft:story/enchant_item",
  "display": {
    "icon": {
      "item": "minecraft:diamond_sword"
    },
    "title": {
      "translate": "赶尽杀绝"
    },
    "description": {
      "translate": "制造一击9颗心的伤害"
    },
    "frame": "challenge",
    "show_toast": true,
    "announce_to_chat": true,
    "hidden": false
  },
  "rewards": {
    "experience": 100
  },
  "criteria": {
    "hurt_zombie": {
      "trigger": "minecraft:player_hurt_entity",
      "conditions": {
        "damage": {
          "dealt":{
            "min":18
          }
        }
      }
    }
  },
  "requirements": [
    [
      "hurt_zombie"
    ]
  ]
}