{
  "display": {
    "icon": {
      "item": "minecraft:golden_sword"
    },
    "title": {
      "translate": "战斗"
    },
    "description": {
      "translate": "战斗与探险"
    },
    "frame": "task",
    "show_toast": false,
    "announce_to_chat": false,
    "hidden": false,
    "background": "minecraft:textures/block/obsidian.png"
  },
  "criteria": {
    "sword": {
      "trigger": "minecraft:inventory_changed",
      "conditions": {
        "items": [
          {
            "items": [
              "minecraft:wooden_sword"
            ]
          }
        ]
      }
    }
  },
  "requirements": [
    [
      "sword"
    ]
  ]
}