{
  "parent": "minecraft:adventure/shoot_arrow",
  "display": {
    "icon": {
      "item": "minecraft:diamond_sword",
      "nbt": "{Enchantments:[{id:\"minecraft:sharpness\",lvl:1}]}"
    },
    "title": {
      "translate": "怪物大师"
    },
    "description": {
      "translate": "集齐弓、盾牌、钻石剑、箭"
    },
    "frame": "goal",
    "show_toast": true,
    "announce_to_chat": true,
    "hidden": false
  },
  "rewards": {
    "experience": 100
  },
  "criteria": {
    "bow": {
      "trigger": "minecraft:inventory_changed",
      "conditions": {
        "items": [
          {
            "items": [
              "minecraft:bow"
            ]
          }
        ]
      }
    },
    "arrow": {
      "trigger": "minecraft:inventory_changed",
      "conditions": {
        "items": [
          {
            "items": [
              "minecraft:arrow"
            ]
          }
        ]
      }
    },
    "diamond_sword": {
      "trigger": "minecraft:inventory_changed",
      "conditions": {
        "items": [
          {
            "items": [
              "minecraft:diamond_sword"
            ]
          }
        ]
      }
    },
    "shield": {
      "trigger": "minecraft:inventory_changed",
      "conditions": {
        "items": [
          {
            "items": [
              "minecraft:shield"
            ]
          }
        ]
      }
    }
  }
}