{
    "display": {
        "icon": {
            "item": "minecraft:skeleton_spawn_egg"
        },
        "title": {"translate":"骷髅公敌"},
        "description": {"translate":"杀死200只骷髅"},
		"frame": "challenge"
    },
    "parent": "minecraft:fight/hunter_zombie",
	"rewards": {
		"experience": 500
    },		
    "criteria": {
        "killed": {
            "trigger": "minecraft:location",
			"conditions": {
				"player":  {
					"player": {
						"stats": [
							{
								"type": "minecraft:killed",
								"stat": "minecraft:skeleton",
								"value": {
									"min": 200
								}
							}
						]
					}
				}
			}
        }
    }
}