{
    "display": {
        "icon": {
            "item": "minecraft:dragon_head"
        },
        "title": {"translate":"屠龙大师"},
        "description": {"translate":"杀死20只末影龙"},
		"frame": "challenge"
    },
    "parent": "minecraft:end/kill_dragon_again",
	"rewards": {
		"experience": 8000
    },		
    "criteria": {
        "kill_dragon": {
            "trigger": "minecraft:location",
			"conditions": {
				"player":  {
					"player": {
						"stats": [
							{
								"type": "minecraft:killed",
								"stat": "minecraft:ender_dragon",
								"value": {
									"min": 20
								}
							}
						]
					}
				}
			}
        }
    }
}