{
  "parent": "minecraft:end/root",
  "display": {
    "icon": {
      "item": "minecraft:dragon_head"
    },
    "title": {
      "translate": "advancements.end.kill_dragon.title"
    },
    "description": {
      "translate": "advancements.end.kill_dragon.description"
    },
    "frame": "challenge",
    "show_toast": true,
    "announce_to_chat": true,
    "hidden": false
  },
  "rewards": {
    "experience": 12000,
    "function": "minecraft:mcend/kill_dragon"
  },
  "criteria": {
    "killed_dragon": {
      "trigger": "minecraft:player_killed_entity",
      "conditions": {
        "entity": [
          {
            "condition": "minecraft:entity_properties",
            "predicate": {
              "type": "minecraft:ender_dragon"
            },
            "entity": "this"
          }
        ]
      }
    }
  },
  "requirements": [
    [
      "killed_dragon"
    ]
  ]
}