{
  "parent": "minecraft:end/hurt_by_shulker",
  "display": {
    "icon": {
      "item": "minecraft:shulker_shell"
    },
    "title": {
      "translate": "advancements.end.levitate.title"
    },
    "description": {
      "translate": "advancements.end.levitate.description"
    },
    "frame": "challenge",
    "show_toast": true,
    "announce_to_chat": true,
    "hidden": false
  },
  "rewards": {
    "experience": 300
  },
  "criteria": {
    "levitated": {
      "trigger": "minecraft:levitation",
      "conditions": {
        "distance": {
          "y": {
            "min": 50.0
          }
        }
      }
    }
  },
  "requirements": [
    [
      "levitated"
    ]
  ]
}