{
  "display": {
    "icon": {
      "item": "minecraft:chest",
      "nbt": "{Enchantments:[{id:\"minecraft:power\",lvl:1}]}"
    },
    "title": {
      "translate": "仓库"
    },
    "description": {
      "translate": "制作一组箱子，一组末影箱和一组陷阱箱！"
    },
    "frame": "challenge",
    "show_toast": true,
    "announce_to_chat": true
  },
  "parent": "minecraft:adventure/get_chest",
  "criteria": {
    "requirement": {
      "trigger": "minecraft:inventory_changed",
      "conditions": {
        "items": [
          {
            "items": [
              "minecraft:chest"
            ],
            "count": 64
          },
          {
            "items": [
              "minecraft:trapped_chest"
            ],
            "count": 64
          },
          {
            "items": [
              "minecraft:ender_chest"
            ],
            "count": 64
          }
        ]
      }
    }
  },
  "rewards": {
    "experience": 500
  }
}
