{
  "parent": "minecraft:adventure/loot_village",
  "display": {
    "icon": {
      "item": "minecraft:heart_of_the_sea"
    },
    "title": {
      "translate": "掘金人！"
    },
    "description": {
      "translate": "找到埋藏的宝藏"
    },
    "frame": "task",
    "show_toast": true,
    "announce_to_chat": true,
    "hidden": false
  },
  "rewards": {
    "experience": 15
  },
  "criteria": {
    "loot": {
      "trigger": "minecraft:player_generates_container_loot",
      "conditions": {
        "loot_table": "minecraft:chests/buried_treasure"
      }
    }
  },
  "requirements": [
    [
      "loot"
    ]
  ]
}