{
  "parent": "minecraft:adventure/root",
  "display": {
    "icon": {
      "item": "minecraft:oak_planks"
    },
    "title": {
      "translate": "宝藏寻求者"
    },
    "description": {
      "translate": "找到任意一处结构"
    },
    "frame": "task",
    "show_toast": true,
    "announce_to_chat": true,
    "hidden": false
  },
  "rewards": {
    "experience": 5
  },
  "criteria": {
    "village": {
      "trigger": "minecraft:location",
      "conditions": {
        "location": {
          "feature": "village"
        }
      }
    },
    "stronghold": {
      "trigger": "minecraft:location",
      "conditions": {
        "location": {
          "feature": "stronghold"
        }
      }
    },
    "desert_pyramid": {
      "trigger": "minecraft:location",
      "conditions": {
        "location": {
          "feature": "desert_pyramid"
        }
      }
    },
    "jungle_pyramid": {
      "trigger": "minecraft:location",
      "conditions": {
        "location": {
          "feature": "jungle_pyramid"
        }
      }
    },
    "pillager_outpost": {
      "trigger": "minecraft:location",
      "conditions": {
        "location": {
          "feature": "pillager_outpost"
        }
      }
    },
    "monument": {
      "trigger": "minecraft:location",
      "conditions": {
        "location": {
          "feature": "monument"
        }
      }
    },
    "shipwreck": {
      "trigger": "minecraft:location",
      "conditions": {
        "location": {
          "feature": "shipwreck"
        }
      }
    },
    "ocean_ruin": {
      "trigger": "minecraft:location",
      "conditions": {
        "location": {
          "feature": "ocean_ruin"
        }
      }
    },
    "igloo": {
      "trigger": "minecraft:location",
      "conditions": {
        "location": {
          "feature": "igloo"
        }
      }
    },
    "swamp_hut": {
      "trigger": "minecraft:location",
      "conditions": {
        "location": {
          "feature": "swamp_hut"
        }
      }
    },
    "fortress": {
      "trigger": "minecraft:location",
      "conditions": {
        "location": {
          "feature": "fortress"
        }
      }
    },
    "bastion_remnant": {
      "trigger": "minecraft:location",
      "conditions": {
        "location": {
          "feature": "bastion_remnant"
        }
      }
    },
    "ruined_portal": {
      "trigger": "minecraft:location",
      "conditions": {
        "location": {
          "feature": "ruined_portal"
        }
      }
    },
    "endcity": {
      "trigger": "minecraft:location",
      "conditions": {
        "location": {
          "feature": "endcity"
        }
      }
    },
    "mansion": {
      "trigger": "minecraft:location",
      "conditions": {
        "location": {
          "feature": "mansion"
        }
      }
    },
    "mineshaft": {
      "trigger": "minecraft:location",
      "conditions": {
        "location": {
          "feature": "mineshaft"
        }
      }
    }
  },
  "requirements": [
    [
      "village",
      "stronghold",
      "desert_pyramid",
      "jungle_pyramid",
      "pillager_outpost",
      "monument",
      "shipwreck",
      "ocean_ruin",
      "igloo",
      "swamp_hut",
      "fortress",
      "bastion_remnant",
      "ruined_portal",
      "endcity",
      "mansion",
      "mineshaft"
    ]
  ]
}