{
  "display": {
    "icon": {
      "item": "minecraft:book"
    },
    "title": {
      "translate": "满满收获"
    },
    "description": {
      "translate": "使物品栏装满物品"
    },
    "frame": "task",
    "show_toast": true,
    "announce_to_chat": true,
    "hidden": false
  },
  "parent": "minecraft:adventure/root",
  "criteria": {
    "full_inventory": {
      "trigger": "minecraft:inventory_changed",
      "conditions": {
        "slots": {
          "empty": 0
        }
      }
    }
  },
  "rewards": {
    "experience": 3
  }
}
