{
  "parent": "minecraft:adventure/full_inventory",
  "display": {
    "icon": {
      "item": "minecraft:chest"
    },
    "title": {
      "translate": "该储存了！"
    },
    "description": {
      "translate": "制作箱子并存放物品！"
    },
    "frame": "task",
    "show_toast": true,
    "announce_to_chat": true,
    "hidden": false
  },
  "rewards": {
    "experience": 5
  },
  "criteria": {
    "chest": {
      "trigger": "minecraft:inventory_changed",
      "conditions": {
        "items": [
          {
            "items": [
              "minecraft:chest"
            ]
          }
        ]
      }
    }
  },
  "requirements": [
    [
      "chest"
    ]
  ]
}