{
    "display": {
        "icon": {
            "item": "minecraft:diamond"
        },
        "title": {"translate":"给你钻石！"},
        "description": {"translate":"投掷一个钻石给其他玩家或生物"}
    },
    "parent": "minecraft:adventure/find_village",
    "rewards": {
        "function": "minecraft:mcadventure/give_diamond"
    },
	"criteria": {
		"diamonds_to_you": {
			"trigger": "minecraft:thrown_item_picked_up_by_entity",
			"conditions": {
				"item": {
					"items": [
						"minecraft:diamond"
					]
				},
				"entity": {
					"distance": {
						"absolute": {
							"min": 1
						}
					}
				}
			}
		}
	}
}