{
  "display": {
    "icon": {
      "item": "minecraft:target"
    },
    "title": {
      "translate": "标靶手"
    },
    "description": {
      "translate": "从10米外射中标靶任意位置"
    },
    "frame": "task",
    "show_toast": true,
    "announce_to_chat": true,
    "hidden": false
  },
  "parent": "minecraft:adventure/root",
  "criteria": {
    "bullseye": {
      "trigger": "minecraft:target_hit",
      "conditions": {
        "projectile": [
          {
            "condition": "minecraft:entity_properties",
            "entity": "this",
            "predicate": {
              "distance": {
                "horizontal": {
                  "min": 10
                }
              }
            }
          }
        ],
        "signal_strength": {
          "min": 1
        }
      }
    }
  },
  "requirements": [
    [
      "bullseye"
    ]
  ],
  "rewards": {
    "experience": 2
  }
}
