{
  "parent": "minecraft:adventure/kill_a_mob",
  "display": {
    "icon": {
      "item": "minecraft:totem_of_undying"
    },
    "title": {
      "translate": "逃脱死亡"
    },
    "description": {
      "translate": "advancements.adventure.totem_of_undying.description"
    },
    "frame": "goal",
    "show_toast": true,
    "announce_to_chat": true,
    "hidden": false
  },
  "rewards": {
    "function": "minecraft:mcadventure/totem_of_undying"
  },
  "criteria": {
    "used_totem": {
      "trigger": "minecraft:used_totem",
      "conditions": {
        "item": {
          "items": [
            "minecraft:totem_of_undying"
          ]
        }
      }
    }
  },
  "requirements": [
    [
      "used_totem"
    ]
  ]
}