{
  "parent": "minecraft:adventure/trade",
  "display": {
    "icon": {
      "item": "minecraft:emerald"
    },
    "title": {
      "translate": "星际商人"
    },
    "description": {
      "translate": "在世界顶部与村民交易"
    },
    "frame": "task",
    "show_toast": true,
    "announce_to_chat": true,
    "hidden": false
  },
  "rewards": {
    "function": "minecraft:mcadventure/trade_at_world_height",
    "experience": 15
  },
  "criteria": {
    "traded": {
      "trigger": "minecraft:villager_trade",
      "conditions": {
        "player": [
          {
            "condition": "minecraft:entity_properties",
            "entity": "this",
            "predicate": {
              "location": {
                "position": {
                  "y": {
                    "min": 310
                  }
                }
              }
            }
          }
        ]
      }
    }
  },
  "requirements": [
    [
      "traded"
    ]
  ]
}