{
    "display": {
        "icon": {
            "item": "minecraft:pillager_spawn_egg"
        },
        "title": {"translate":"我们被攻击了！"},
        "description": {"translate":"触发1次袭击"},
		"frame": "goal"
    },
    "parent": "minecraft:adventure/voluntary_exile",
	"rewards": {
		"experience": 50
    },		
    "criteria": {
        "raid": {
            "trigger": "minecraft:location",
			"conditions": {
				"player":  {
					"player": {
						"stats": [
							{
								"type": "minecraft:custom",
								"stat": "minecraft:raid_trigger",
								"value": {
									"min": 1
								}
							}
						]
					}
				}
			}
        }
    }
}