{
  "parent": "minecraft:building/glass",
  "display": {
    "icon": {
      "item": "minecraft:glass_pane"
    },
    "title": {
      "translate": "窗外的风景真美"
    },
    "description": {
      "translate": "把玻璃换成玻璃板"
    },
    "frame": "task",
    "show_toast": true,
    "announce_to_chat": true,
    "hidden": false
  },
  "rewards": {
    "experience": 7
  },
  "criteria": {
    "glass_pane": {
      "trigger": "minecraft:inventory_changed",
      "conditions": {
        "items": [
          {
            "items": [
              "minecraft:glass_pane"
            ]
          }
        ]
      }
    }
  },
  "requirements": [
    [
      "glass_pane"
    ]
  ]
}