{
  "parent": "minecraft:building/root",
  "display": {
    "icon": {
      "item": "minecraft:torch"
    },
    "title": {
      "translate": "我怕黑"
    },
    "description": {
      "translate": "用火把照明"
    },
    "frame": "task",
    "show_toast": true,
    "announce_to_chat": true,
    "hidden": false
  },
  "rewards": {
    "function": "minecraft:building/torch"
  },
  "criteria": {
    "torch": {
      "trigger": "minecraft:inventory_changed",
      "conditions": {
        "items": [
          {
            "items": [
              "minecraft:torch"
            ]
          }
        ]
      }
    }
  },
  "requirements": [
    [
      "torch"
    ]
  ]
}