{
  "display": {
    "icon": {
      "item": "minecraft:gold_ingot"
    },
    "title": {
      "translate": "不！我的金子！"
    },
    "description": {
      "translate": "不小心将金锭递给幼年猪灵"
    },
    "frame": "goal",
    "show_toast": true,
    "announce_to_chat": true,
    "hidden": false
  },
  "parent": "minecraft:nether/distract_piglin",
  "criteria": {
    "baby_piglin": {
      "trigger": "minecraft:thrown_item_picked_up_by_entity",
      "conditions": {
        "entity": {
          "type": "minecraft:piglin",
          "flags": {
            "is_baby": true
          }
        }
      }
    }
  },
  "rewards": {
    "experience": 3
  }
}
