{
  "parent": "minecraft:nether/obtain_crying_obsidian",
  "display": {
    "icon": {
      "item": "minecraft:respawn_anchor"
    },
    "title": {
      "translate": "advancements.nether.charge_respawn_anchor.title"
    },
    "description": {
      "translate": "advancements.nether.charge_respawn_anchor.description"
    },
    "frame": "task",
    "show_toast": true,
    "announce_to_chat": true,
    "hidden": false
  },

  "rewards": {
    "experience": 8
  },
  "criteria": {
    "charge_respawn_anchor": {
      "trigger": "minecraft:item_used_on_block",
      "conditions": {
        "location": {
          "block": {
            "blocks": [
              "minecraft:respawn_anchor"
            ],
            "state": {
              "charges": "4"
            }
          }
        },
        "item": {
          "items": [
            "minecraft:glowstone"
          ]
        }
      }
    }
  },
  "requirements": [
    [
      "charge_respawn_anchor"
    ]
  ]
}