{
  "parent": "minecraft:nether/root",
  "display": {
    "icon": {
      "item": "minecraft:fire_charge"
    },
    "title": {
      "translate": "还治彼身"
    },
    "description": {
      "translate": "advancements.nether.return_to_sender.description"
    },
    "frame": "challenge",
    "show_toast": true,
    "announce_to_chat": true,
    "hidden": false
  },
  "rewards": {
    "experience": 50
  },
  "criteria": {
    "killed_ghast": {
      "trigger": "minecraft:player_killed_entity",
      "conditions": {
        "entity": [
          {
            "condition": "minecraft:entity_properties",
            "predicate": {
              "type": "minecraft:ghast"
            },
            "entity": "this"
          }
        ],
        "killing_blow": {
          "is_projectile": true,
          "direct_entity": {
            "type": "minecraft:fireball"
          }
        }
      }
    }
  },
  "requirements": [
    [
      "killed_ghast"
    ]
  ]
}