{
  "parent": "minecraft:nether/brew_potion",
  "display": {
    "icon": {
      "item": "minecraft:lava_bucket"
    },
    "title": {
      "translate": "保持酷爽"
    },
    "description": {
      "translate": "获得防火状态"
    },
    "frame": "task",
    "show_toast": true,
    "announce_to_chat": true,
    "hidden": false
  },
  "rewards": {
    "experience": 40
  },
  "criteria": {
    "all_effects": {
      "trigger": "minecraft:effects_changed",
      "conditions": {
        "effects": {
          "minecraft:fire_resistance": {}
        }
      }
    }
  },
  "requirements": [
    [
      "all_effects"
    ]
  ]
}