{
  "parent": "minecraft:adventure/find_village",
  "display": {
    "icon": {
      "item": "minecraft:white_banner",
      "nbt": "{BlockEntityTag:{Patterns:[{Color:9,Pattern:\"mr\"},{Color:8,Pattern:\"bs\"},{Color:7,Pattern:\"cs\"},{Color:8,Pattern:\"bo\"},{Color:15,Pattern:\"ms\"},{Color:8,Pattern:\"hh\"},{Color:8,Pattern:\"mc\"},{Color:15,Pattern:\"bo\"}]},HideFlags:32,display:{Name:\u0027{\"color\":\"gold\",\"translate\":\"block.minecraft.ominous_banner\"}\u0027}}"
    },
    "title": {
      "translate": "advancements.adventure.hero_of_the_village.title"
    },
    "description": {
      "translate": "advancements.adventure.hero_of_the_village.description"
    },
    "frame": "challenge",
    "show_toast": true,
    "announce_to_chat": true,
    "hidden": false
  },
  "rewards": {
    "function": "minecraft:mcadventure/hero_of_the_village"
  },
  "criteria": {
    "hero_of_the_village": {
      "trigger": "minecraft:hero_of_the_village",
      "conditions": {}
    }
  },
  "requirements": [
    [
      "hero_of_the_village"
    ]
  ]
}