{
  "parent": "minecraft:adventure/find_village",
  "display": {
    "icon": {
      "item": "minecraft:chest"
    },
    "title": {
      "translate": "这物资不错！"
    },
    "description": {
      "translate": "夺取村庄中铁匠铺的箱子"
    },
    "frame": "task",
    "show_toast": true,
    "announce_to_chat": true,
    "hidden": false
  },
  "rewards": {
    "experience": 7
  },
  "criteria": {
    "loot_village": {
      "trigger": "minecraft:player_generates_container_loot",
      "conditions": {
        "loot_table": "minecraft:chests/village/village_weaponsmith"
      }
    }
  },
  "requirements": [
    [
      "loot_village"
    ]
  ]
}