{
    "display": {
        "icon": {
            "item": "minecraft:mycelium"
        },
        "title": {"translate":"生存达人 III"},
        "description": {"translate":"在游戏中生存30天"},
		"frame": "challenge"
    },
    "parent": "minecraft:stat/play_time_3",
	"rewards": {
		"experience": 125
    },		
    "criteria": {
        "played_time": {
            "trigger": "minecraft:location",
			"conditions": {
				"player":  {
					"player": {
						"stats": [
							{
								"type": "minecraft:custom",
								"stat": "minecraft:play_time",
								"value": {
									"min": 720000
								}
							}
						]
					}
				}
			}
        }
    }
}