{
  "parent": "minecraft:end/find_end_city",
  "display": {
    "icon": {
      "item": "minecraft:flint_and_steel"
    },
    "title": {
      "translate": "我们上天了！"
    },
    "description": {
      "translate": "被潜影贝攻击"
    },
    "frame": "task",
    "show_toast": true,
    "announce_to_chat": true,
    "hidden": false
  },
  "rewards": {
    "experience": 10,
    "function": "minecraft:mcend/hurt_by_shulker"
  },
  "criteria": {
    "levitated": {
      "trigger": "minecraft:levitation",
      "conditions": {
        "distance": {
          "y": {
            "min": 0.1
          }
        }
      }
    }
  },
  "requirements": [
    [
      "levitated"
    ]
  ]
}