{
  "parent": "minecraft:redstone/rail",
  "display": {
    "icon": {
      "item": "minecraft:powered_rail",
      "nbt": "{Damage:0}"
    },
    "title": {
      "translate": "更快的铁轨"
    },
    "description": {
      "translate": "从此矿车变高铁"
    },
    "frame": "task",
    "show_toast": true,
    "announce_to_chat": true,
    "hidden": false
  },
  "rewards": {
    "function": "minecraft:redstone/powered_rail"
  },
  "criteria": {
    "rail": {
      "trigger": "minecraft:inventory_changed",
      "conditions": {
        "items": [
          {
            "items": [
              "minecraft:powered_rail"
            ]
          }
        ]
      }
    }
  },
  "requirements": [
    [
      "rail"
    ]
  ]
}