{
  "display": {
    "icon": {
      "item": "minecraft:redstone_block"
    },
    "title": {
      "translate": "红石与交通运输"
    },
    "description": {
      "translate": "为世界现代化"
    },
    "frame": "task",
    "show_toast": false,
    "announce_to_chat": false,
    "hidden": false,
    "background": "minecraft:textures/block/diamond_block.png"
  },
  "criteria": {
    "redstone": {
      "trigger": "minecraft:inventory_changed",
      "conditions": {
        "items": [
          {
            "items": [
              "minecraft:redstone"
            ]
          }
        ]
      }
    }
  },
  "requirements": [
    [
      "redstone"
    ]
  ]
}