{
  "parent": "minecraft:redstone/root",
  "display": {
    "icon": {
      "item": "minecraft:oak_button",
      "nbt": "{Damage:0}"
    },
    "title": {
      "translate": "不能持续的电源"
    },
    "description": {
      "translate": "设计太简单了，以至于不能持续通电"
    },
    "frame": "task",
    "show_toast": true,
    "announce_to_chat": true,
    "hidden": false
  },
  "rewards": {
    "function": "minecraft:redstone/button"
  },
  "criteria": {
    "button": {
      "trigger": "minecraft:inventory_changed",
      "conditions": {
        "items": [
          {
            "tag": "minecraft:buttons"
          }
        ]
      }
    }
  },
  "requirements": [
    [
      "button"
    ]
  ]
}