{
  "parent": "minecraft:redstone/rail",
  "display": {
    "icon": {
      "item": "minecraft:minecart",
      "nbt": "{Damage:0}"
    },
    "title": {
      "translate": "准备出发！"
    },
    "description": {
      "translate": "用你的矿车，开启旅行"
    },
    "frame": "task",
    "show_toast": true,
    "announce_to_chat": true,
    "hidden": false
  },
  "rewards": {
    "function": "minecraft:redstone/minecart"
  },
  "criteria": {
    "minecart": {
      "trigger": "minecraft:inventory_changed",
      "conditions": {
        "items": [
          {
            "items": [
              "minecraft:minecart"
            ]
          }
        ]
      }
    }
  },
  "requirements": [
    [
      "minecart"
    ]
  ]
}