{
    "display": {
        "icon": {
            "item": "minecraft:rail"
        },
        "title": {"translate":"在铁路上"},
        "description": {"translate":"累计行驶5km在矿车上"},
		"frame": "challenge"
    },
    "parent": "minecraft:redstone/minecart",
	"rewards": {
		"function": "minecraft:redstone/on_a_rail",
		"experience": 150
    },		
    "criteria": {
        "trigger": {
            "trigger": "minecraft:location",
			"conditions": {
				"player":  {
					"player": {
						"stats": [
							{
								"type": "minecraft:custom",
								"stat": "minecraft:minecart_one_cm",
								"value": {
									"min": 500000
								}
							}
						]
					}
				}
			}
        }
    }
}