{
    "display": {
        "icon": {
            "item": "minecraft:end_stone_bricks"
        },
        "title": {"translate":"建筑合为一体！"},
        "description": {"translate":"发现可以生成所有结构的群系"},
		"frame": "task",
		"hidden": "false"
    },
    "parent": "minecraft:biome/kill_by_creeper",	
    "rewards": {
		"experience": 80
    },	
    "criteria": {
        "all_structure_plains": {
            "trigger": "minecraft:location",
            "conditions": {
                "biome": "minecraft:creeper_world/all_structure_plains"
            }
        },
        "all_structure_snowy_plains": {
            "trigger": "minecraft:location",
            "conditions": {
                "biome": "minecraft:creeper_world/all_structure_snowy_plains"
            }
        }
    },
    "requirements": [
        [
            "all_structure_plains",
            "all_structure_snowy_plains"
        ]
    ]
}