{
  "parent": "minecraft:story/pickaxe",
  "display": {
    "icon": {
      "item": "minecraft:cobblestone",
      "nbt": "{Damage:0}"
    },
    "title": {
      "translate": "advancements.story.mine_stone.title"
    },
    "description": {
      "translate": "advancements.story.mine_stone.description"
    },
    "frame": "task",
    "show_toast": true,
    "announce_to_chat": true,
    "hidden": false
  },
  "rewards": {
    "function": "minecraft:mcstory/mine_stone"
  },
  "criteria": {
    "get_stone": {
      "trigger": "minecraft:inventory_changed",
      "conditions": {
        "items": [
          {
            "tag": "minecraft:stone_tool_materials"
          }
        ]
      }
    }
  },
  "requirements": [
    [
      "get_stone"
    ]
  ]
}