{
    "display": {
        "icon": {
            "item": "minecraft:wooden_sword"
        },
        "title": {"translate":"出击时间到！"},
        "description": {"translate":"使用木板和木棍制作木剑"}
    },
    "parent": "minecraft:story/workbench",
	"rewards": {
		"experience": 10
    },		
    "criteria": {
        "wooden_sword": {
            "trigger": "minecraft:inventory_changed",
            "conditions": {
                "items": [
                    {
						"items": [
							"minecraft:wooden_sword"
						]
                    }
                ]
            }
        },
        "stone_sword": {
            "trigger": "minecraft:inventory_changed",
            "conditions": {
                "items": [
                    {
						"items": [
							"minecraft:stone_sword"
						]
                    }
                ]
            }
        },
        "iron_sword": {
            "trigger": "minecraft:inventory_changed",
            "conditions": {
                "items": [
                    {
						"items": [
							"minecraft:iron_sword"
						]
                    }
                ]
            }
        },
        "diamond_sword": {
            "trigger": "minecraft:inventory_changed",
            "conditions": {
                "items": [
                    {
						"items": [
							"minecraft:diamond_sword"
						]
                    }
                ]
            }
        },
        "golden_sword": {
            "trigger": "minecraft:inventory_changed",
            "conditions": {
                "items": [
                    {
						"items": [
							"minecraft:golden_sword"
						]
                    }
                ]
            }
        },
        "netherite_sword": {
            "trigger": "minecraft:inventory_changed",
            "conditions": {
                "items": [
                    {
						"items": [
							"minecraft:netherite_sword"
						]
                    }
                ]
            }
        }
    },
    "requirements": [
		[
        "wooden_sword",
        "stone_sword",
		"iron_sword",
		"diamond_sword",
		"golden_sword",
		"netherite_sword"
		]
    ]
}