{
  "parent": "minecraft:adventure/find_a_structure",
  "display": {
    "icon": {
      "item": "minecraft:oak_planks"
    },
    "title": {
      "translate": "战争中的废墟"
    },
    "description": {
      "translate": "找到一个村庄"
    },
    "frame": "task",
    "show_toast": true,
    "announce_to_chat": true,
    "hidden": false
  },
  "rewards": {
    "experience": 5
  },
  "criteria": {
    "in_village": {
      "trigger": "minecraft:location",
      "conditions": {
        "location": {
          "feature": "village"
        }
      }
    }
  },
  "requirements": [
    [
      "in_village"
    ]
  ]
}