{
  "parent": "minecraft:adventure/find_village",
  "display": {
    "icon": {
      "item": "minecraft:villager_spawn_egg"
    },
    "title": {
      "translate": "不要杀了他！"
    },
    "description": {
      "translate": "这不是一个好的行为"
    },
    "frame": "task",
    "show_toast": true,
    "announce_to_chat": true,
    "hidden": false
  },
  "rewards": {
    "function": "minecraft:mcadventure/kill_villager"
  },
  "criteria": {
    "killed_villager": {
      "trigger": "minecraft:player_killed_entity",
      "conditions": {
        "entity": [
          {
            "condition": "minecraft:entity_properties",
            "predicate": {
              "type": "minecraft:villager"
            },
            "entity": "this"
          }
        ]
      }
    }
  },
  "requirements": [
    [
      "killed_villager"
    ]
  ]
}