{
  "parent": "minecraft:adventure/trade",
  "display": {
    "icon": {
      "item": "minecraft:carved_pumpkin"
    },
    "title": {
      "translate": "advancements.adventure.summon_iron_golem.title"
    },
    "description": {
      "translate": "advancements.adventure.summon_iron_golem.description"
    },
    "frame": "goal",
    "show_toast": true,
    "announce_to_chat": true,
    "hidden": false
  },
  "rewards": {
    "function": "minecraft:mcadventure/summon_iron_golem"
  },
  "criteria": {
    "summoned_golem": {
      "trigger": "minecraft:summoned_entity",
      "conditions": {
        "entity": [
          {
            "condition": "minecraft:entity_properties",
            "predicate": {
              "type": "minecraft:iron_golem"
            },
            "entity": "this"
          }
        ]
      }
    }
  },
  "requirements": [
    [
      "summoned_golem"
    ]
  ]
}