{
  "parent": "minecraft:adventure/whos_the_pillager_now",
  "display": {
    "icon": {
      "item": "minecraft:crossbow",
      "nbt": "{Damage:0}"
    },
    "title": {
      "translate": "advancements.adventure.two_birds_one_arrow.title"
    },
    "description": {
      "translate": "advancements.adventure.two_birds_one_arrow.description"
    },
    "frame": "challenge",
    "show_toast": true,
    "announce_to_chat": true,
    "hidden": false
  },
  "rewards": {
    "experience": 100
  },
  "criteria": {
    "two_birds": {
      "trigger": "minecraft:killed_by_crossbow",
      "conditions": {
        "victims": [
          [
            {
              "condition": "minecraft:entity_properties",
              "predicate": {
                "type": "minecraft:phantom"
              },
              "entity": "this"
            }
          ],
          [
            {
              "condition": "minecraft:entity_properties",
              "predicate": {
                "type": "minecraft:phantom"
              },
              "entity": "this"
            }
          ]
        ]
      }
    }
  },
  "requirements": [
    [
      "two_birds"
    ]
  ]
}