{
    "display": {
        "icon": {
            "item": "minecraft:iron_pickaxe"
        },
        "title": {"translate":"勤劳矿工 II"},
        "description": {"translate":"制作50个铁镐"},
		"frame": "challenge"
    },
    "parent": "minecraft:stat/many_pickaxe",
	"rewards": {
		"experience": 500
    },		
    "criteria": {
        "craft_pickaxe": {
            "trigger": "minecraft:location",
			"conditions": {
				"player":  {
					"player": {
						"stats": [
							{
								"type": "minecraft:crafted",
								"stat": "minecraft:iron_pickaxe",
								"value": {
									"min": 50
								}
							}
						]
					}
				}
			}
        }
    }
}