{
    "display": {
        "icon": {
            "item": "minecraft:oak_log"
        },
        "title": {"translate":"伐木工 II"},
        "description": {"translate":"采集200个橡木"},
		"frame": "challenge"
    },
    "parent": "minecraft:stat/mine_wood",
	"rewards": {
		"experience": 140
    },		
    "criteria": {
        "mine_wood": {
            "trigger": "minecraft:location",
			"conditions": {
				"player":  {
					"player": {
						"stats": [
							{
								"type": "minecraft:mined",
								"stat": "minecraft:oak_log",
								"value": {
									"min": 200
								}
							}
						]
					}
				}
			}
        }
    }
}