{
  "type": "minecraft:creeper_world",
  "generator": {
    "type": "minecraft:noise",
    "seed": 0,
    "biome_source": {
	 "humidity_noise": {
      "firstOctave": -7,
      "amplitudes": [
        1.0,
        1.0
      ]
    },
    "altitude_noise": {
      "firstOctave": -7,
      "amplitudes": [
        1.0,
        1.0
      ]
    },
    "weirdness_noise": {
      "firstOctave": -7,
      "amplitudes": [
        1.0,
        1.0
      ]
    },
    "temperature_noise": {
      "firstOctave": -7,
      "amplitudes": [
        1.0,
        1.0
      ]
    },
      "type": "minecraft:multi_noise",
      "seed": 0,
      "biomes": [
        {
          "biome": "minecraft:creeper_plains",
          "parameters": {
            "altitude": 0.2,
            "temperature": 0.2,
            "humidity": 0,
            "weirdness": 0.3,
            "offset": 0
          }
        },
        {
          "biome": "minecraft:creeper_savanna",
          "parameters": {
            "altitude": 0.1,
            "temperature": 0,
            "humidity": -0.7,
            "weirdness": 0.2,
            "offset": 0
          }
        },
        {
          "biome": "minecraft:ocean",
          "parameters": {
            "altitude": 0.6,
            "temperature": 1,
            "humidity": 1,
            "weirdness": 0,
            "offset": 0
          }
        },
        {
          "biome": "minecraft:creeper_forest",
          "parameters": {
            "altitude": 0.1,
            "temperature": 0.4,
            "humidity": -0.3,
            "weirdness": 0.1,
            "offset": 0.1
          }
        },
        {
          "biome": "minecraft:creeper_snowy_plains",
          "parameters": {
            "altitude": 0.2,
            "temperature": -1,
            "humidity": -0.4,
            "weirdness": 0.1,
            "offset": 0
          }
        },
        {
          "biome": "minecraft:creeper_windswept_hills",
          "parameters": {
            "altitude": 0.5,
            "temperature": -1,
            "humidity": -0.5,
            "weirdness": 0.1,
            "offset": 0
          }
        },
        {
          "biome": "minecraft:creeper_snowy_taiga",
          "parameters": {
            "altitude": 0.5,
            "temperature": -1,
            "humidity": 0,
            "weirdness": 0,
            "offset": 0
          }
        },
        {
          "biome": "minecraft:creeper_taiga",
          "parameters": {
            "altitude": 0.1,
            "temperature": 0,
            "humidity": -0.5,
            "weirdness": 0,
            "offset": 0.1
          }
        },
        {
          "biome": "minecraft:creeper_old_growth_pine_taiga",
          "parameters": {
            "altitude": 0.4,
            "temperature": 0,
            "humidity": -0.5,
            "weirdness": 0,
            "offset": 0.1
          }
        },
        {
          "biome": "minecraft:creeper_old_growth_spruce_taiga",
          "parameters": {
            "altitude": 0.2,
            "temperature": -0.4,
            "humidity": -1,
            "weirdness": 0.1,
            "offset": 0.1
          }
        },
        {
          "biome": "minecraft:creeper_birch_forest",
          "parameters": {
            "altitude": 0.3,
            "temperature": 0.6,
            "humidity": 0.5,
            "weirdness": 0,
            "offset": 0.2
          }
        },
        {
          "biome": "minecraft:creeper_jungle",
          "parameters": {
            "altitude": 0.7,
            "temperature": 0.3,
            "humidity": -0.8,
            "weirdness": 0.1,
            "offset": 0
          }
        },
        {
          "biome": "minecraft:creeper_all_structure_plains",
          "parameters": {
            "altitude": 0,
            "temperature": 0.3,
            "humidity": 0.2,
            "weirdness": 0.1,
            "offset": 0.3
          }
        },
        {
          "biome": "minecraft:creeper_all_structure_snowy_plains",
          "parameters": {
            "altitude": 0.1,
            "temperature": 0.15,
            "humidity": 0.25,
            "weirdness": 0.1,
            "offset": 0.2
          }
        }
      ]
    },
    "settings": "minecraft:creeper_world"
  }
}
