{
  "type": "minecraft:creeper_checkerboard",
  "generator": {
    "type": "minecraft:noise",
    "seed": 0,
    "biome_source": {
	 "humidity_noise": {
      "firstOctave": -7,
      "amplitudes": [
        1.0,
        1.0
      ]
    },
    "altitude_noise": {
      "firstOctave": -7,
      "amplitudes": [
        1.0,
        1.0
      ]
    },
    "weirdness_noise": {
      "firstOctave": -7,
      "amplitudes": [
        1.0,
        1.0
      ]
    },
    "temperature_noise": {
      "firstOctave": -7,
      "amplitudes": [
        1.0,
        1.0
      ]
    },
      "type": "minecraft:checkerboard",
      "seed": 0,
      "biomes": [
        "minecraft:creeper_plains",
        "minecraft:creeper_savanna",
        "minecraft:ocean",
        "minecraft:creeper_snowy_plains",
        "minecraft:creeper_snowy_taiga",
        "minecraft:creeper_windswept_hills",
        "minecraft:creeper_taiga",
        "minecraft:creeper_birch_forest",
        "minecraft:creeper_all_structure_plains",
        "minecraft:creeper_safe_desert",
        "minecraft:creeper_all_structure_snowy_plains",
        "minecraft:creeper_jungle",
        "minecraft:creeper_old_growth_pine_taiga",
        "minecraft:creeper_old_growth_spruce_taiga",
        "minecraft:creeper_forest"
      ],
      "scale": 3
    },
    "settings": "minecraft:creeper_world"
  }
}
