{
  "parent": "minecraft:biome_new/root",
  "display": {
    "icon": {
      "item": "minecraft:oak_boat"
    },
    "title": {
      "translate": "航行的开始"
    },
    "description": {
      "translate": "用木板和木铲制作你的第一个船"
    },
    "frame": "task",
    "show_toast": true,
    "announce_to_chat": true,
    "hidden": false
  },
  "rewards": {
    "function": "minecraft:biome_new/boat"
  },
  "criteria": {
    "get_boat": {
      "trigger": "minecraft:inventory_changed",
      "conditions": {
        "items": [
          {
            "tag": "minecraft:boats"
          }
        ]
      }
    }
  },
  "requirements": [
    [
      "get_boat"
    ]
  ]
}