{
  "parent": "minecraft:biome_new/world_center",
  "display": {
    "icon": {
      "item": "minecraft:stone",
      "nbt": "{Damage:0}"
    },
    "title": {
      "translate": "压力太大了！"
    },
    "description": {
      "translate": "挖到世界底部，压强超高！"
    },
    "frame": "task",
    "show_toast": true,
    "announce_to_chat": true,
    "hidden": false
  },
  "rewards": {
    "function": "minecraft:biome_new/bottom_of_the_world"
  },
  "criteria": {
    "world_bottom": {
      "trigger": "minecraft:location",
      "conditions": {
        "location": {
          "position": {
            "y": {
              "max": 2
            }
          }
        }
      }
    }
  },
  "requirements": [
    [
      "world_bottom"
    ]
  ]
}