{
  "parent": "minecraft:biome_new/warm_ocean",
  "display": {
    "icon": {
      "item": "minecraft:map"
    },
    "title": {
      "translate": "亚特兰蒂斯？"
    },
    "description": {
      "translate": "找到水下废墟"
    },
    "frame": "task",
    "show_toast": true,
    "announce_to_chat": true,
    "hidden": false
  },
  "rewards": {
    "experience": 10
  },
  "criteria": {
    "in_ruin": {
      "trigger": "minecraft:location",
      "conditions": {
        "location": {
          "feature": "ocean_ruin"
        }
      }
    }
  },
  "requirements": [
    [
      "in_ruin"
    ]
  ]
}