{
  "display": {
    "icon": {
      "item": "minecraft:scaffolding"
    },
    "title": {
      "translate": "世界之巅"
    },
    "description": {
      "translate": "放置脚手架到世界的极限"
    },
    "frame": "task",
    "show_toast": true,
    "announce_to_chat": true,
    "hidden": false
  },
  "parent": "minecraft:biome_new/world_top",
  "criteria": {
    "height": {
      "trigger": "minecraft:placed_block",
      "conditions": {
        "block": "minecraft:scaffolding",
        "location": {
          "position": {
            "y": 319
          }
        }
      }
    }
  },
  "rewards": {
    "experience": 15
  }
}
