{
  "parent": "minecraft:biome_new/find_ruin",
  "display": {
    "icon": {
      "item": "minecraft:spruce_planks"
    },
    "title": {
      "translate": "啊嘿！"
    },
    "description": {
      "translate": "找到沉船"
    },
    "frame": "task",
    "show_toast": true,
    "announce_to_chat": true,
    "hidden": false
  },
  "rewards": {
    "experience": 10
  },
  "criteria": {
    "shipwreck": {
      "trigger": "minecraft:location",
      "conditions": {
        "location": {
          "feature": "shipwreck"
        }
      }
    }
  },
  "requirements": [
    [
      "shipwreck"
    ]
  ]
}