{
  "parent": "minecraft:biome_new/bottom_of_the_world",
  "display": {
    "icon": {
      "item": "minecraft:wooden_shovel",
      "nbt": "{Damage:0}"
    },
    "title": {
      "translate": "世界顶部"
    },
    "description": {
      "translate": "到世界顶部！"
    },
    "frame": "task",
    "show_toast": true,
    "announce_to_chat": true,
    "hidden": false
  },
  "rewards": {
    "experience": 10
  },
  "criteria": {
    "world_top": {
      "trigger": "minecraft:location",
      "conditions": {
        "location": {
          "position": {
            "y": {
              "min": 319
            }
          }
        }
      }
    }
  },
  "requirements": [
    [
      "world_top"
    ]
  ]
}