{
  "scale": 0.05,
  "effects": {
    "mood_sound": {
      "sound": "minecraft:ambient.cave",
      "tick_delay": 6000,
      "block_search_extent": 8,
      "offset": 2.0
    },
    "sky_color": 7907327,
    "fog_color": 3106654,
    "water_color": 4159204,
    "water_fog_color": 329011,
    "grass_color": 5123341,
    "foliage_color": 5123341,
    "music": {
      "sound": "minecraft:music.revenge",
      "min_delay": 100,
      "max_delay": 200,
      "replace_current_music": true
    }
  },
  "surface_builder": "minecraft:creeper_all_structure",
  "carvers": {
    "air": [
      "minecraft:cave",
      "minecraft:canyon"
    ]
  },
  "features": [
    [],
    [
      "minecraft:lake_water",
      "minecraft:lake_lava"
    ],
    [],
    [
      "minecraft:amethyst_geode",
      "minecraft:monster_room"
    ],
    [],
    [],
    [],
    [
      "minecraft:rare_dripstone_cluster",
      "minecraft:rare_small_dripstone"
    ],
    [
      "minecraft:prototype_spring_water",
      "minecraft:spring_lava"
    ],
    [
      "minecraft:freeze_top_layer"
    ]
  ],
  "starts": [
    "minecraft:village_all_structure",
    "minecraft:pillager_outpost",
    "minecraft:mansion",
    "minecraft:desert_pyramid",
    "minecraft:jungle_pyramid",
    "minecraft:swamp_hut",
    "minecraft:igloo",
    "minecraft:fortress",
    "minecraft:bastion_remnant",
    "minecraft:end_city",
    "minecraft:buried_treasure",
    "minecraft:shipwreck_beached",
    "minecraft:mineshaft",
    "minecraft:stronghold",
    "minecraft:ruined_portal"
  ],
  "spawners": {
    "monster": [
      {
        "type": "minecraft:creeper",
        "weight": 100,
        "minCount": 5,
        "maxCount": 12
      }
    ],
    "creature": [
      {
        "type": "minecraft:creeper",
        "weight": 100,
        "minCount": 2,
        "maxCount": 5
      }
    ],
    "ambient": [
      {
        "type": "minecraft:bat",
        "weight": 10,
        "minCount": 8,
        "maxCount": 8
      }
    ],
    "underground_water_creature": [
      {
        "type": "minecraft:glow_squid",
        "weight": 10,
        "minCount": 4,
        "maxCount": 6
      },
      {
        "type": "minecraft:axolotl",
        "weight": 10,
        "minCount": 4,
        "maxCount": 6
      }
    ],
    "water_creature": [],
    "water_ambient": [],
    "misc": []
  },
  "spawn_costs": {},
  "player_spawn_friendly": true,
  "precipitation": "rain",
  "temperature": 0.65,
  "downfall": 0.4,
  "category": "plains",
  "depth": 0.125
}