{
  "parent": "minecraft:fight/diamond_sword",
  "display": {
    "icon": {
      "item": "minecraft:enchanting_table"
    },
    "title": {
      "translate": "advancements.story.enchant_item.title"
    },
    "description": {
      "translate": "advancements.story.enchant_item.description"
    },
    "frame": "task",
    "show_toast": true,
    "announce_to_chat": true,
    "hidden": false
  },
  "rewards": {
    "experience": 5
  },
  "criteria": {
    "enchanted_item": {
      "trigger": "minecraft:enchanted_item",
      "conditions": {}
    }
  },
  "requirements": [
    [
      "enchanted_item"
    ]
  ]
}