{
  "parent": "minecraft:story/obtain_armor",
  "display": {
    "icon": {
      "item": "minecraft:diamond_chestplate",
      "nbt": "{Damage:0}"
    },
    "title": {
      "translate": "advancements.story.shiny_gear.title"
    },
    "description": {
      "translate": "advancements.story.shiny_gear.description"
    },
    "frame": "task",
    "show_toast": true,
    "announce_to_chat": true,
    "hidden": false
  },
  "rewards": {
    "experience": 50
  },
  "criteria": {
    "diamond_helmet": {
      "trigger": "minecraft:inventory_changed",
      "conditions": {
        "items": [
          {
            "items": [
              "minecraft:diamond_helmet"
            ]
          }
        ]
      }
    },
    "diamond_chestplate": {
      "trigger": "minecraft:inventory_changed",
      "conditions": {
        "items": [
          {
            "items": [
              "minecraft:diamond_chestplate"
            ]
          }
        ]
      }
    },
    "diamond_leggings": {
      "trigger": "minecraft:inventory_changed",
      "conditions": {
        "items": [
          {
            "items": [
              "minecraft:diamond_leggings"
            ]
          }
        ]
      }
    },
    "diamond_boots": {
      "trigger": "minecraft:inventory_changed",
      "conditions": {
        "items": [
          {
            "items": [
              "minecraft:diamond_boots"
            ]
          }
        ]
      }
    }
  },
  "requirements": [
    [
      "diamond_helmet",
      "diamond_chestplate",
      "diamond_leggings",
      "diamond_boots"
    ]
  ]
}