{
    "display": {
        "icon": {
            "item": "minecraft:netherite_pickaxe"
        },
        "title": {"translate":"勤劳矿工 IV"},
        "description": {"translate":"制作10个下界合金镐"},
		"frame": "challenge"
    },
    "parent": "minecraft:stat/many_pickaxe_3",
	"rewards": {
		"experience": 1000
    },		
    "criteria": {
        "craft_pickaxe": {
            "trigger": "minecraft:location",
			"conditions": {
				"player":  {
					"player": {
						"stats": [
							{
								"type": "minecraft:crafted",
								"stat": "minecraft:netherite_pickaxe",
								"value": {
									"min": 10
								}
							}
						]
					}
				}
			}
        }
    }
}