{
    "display": {
        "icon": {
            "item": "minecraft:villager_spawn_egg"
        },
        "title": {"translate":"村庄保卫战！ II"},
        "description": {"translate":"在袭击中取得10次胜利"},
		"frame": "challenge"
    },
    "parent": "minecraft:stat/raid",
	"rewards": {
		"experience": 100
    },		
    "criteria": {
        "raid_win": {
            "trigger": "minecraft:location",
			"conditions": {
				"player":  {
					"player": {
						"stats": [
							{
								"type": "minecraft:custom",
								"stat": "minecraft:raid_win",
								"value": {
									"min": 10
								}
							}
						]
					}
				}
			}
        }
    }
}