{
  "parent": "minecraft:adventure/kill_a_mob",
  "display": {
    "icon": {
      "item": "minecraft:iron_sword"
    },
    "title": {
      "translate": "铁剑"
    },
    "description": {
      "translate": "用铁锭制作铁剑"
    },
    "frame": "task",
    "show_toast": true,
    "announce_to_chat": true,
    "hidden": false
  },
  "rewards": {
    "funcion": "minecraft:fight/iron_sword"
  },
  "criteria": {
    "iron_sword": {
      "trigger": "minecraft:inventory_changed",
      "conditions": {
        "items": [
          {
            "items": [
              "minecraft:iron_sword"
            ]
          }
        ]
      }
    }
  },
  "requirements": [
    [
      "iron_sword"
    ]
  ]
}