{
  "parent": "minecraft:husbandry/plant_seed",
  "display": {
    "icon": {
      "item": "minecraft:enchanted_golden_apple"
    },
    "title": {
      "translate": "君临天下"
    },
    "description": {
      "translate": "获得Notch的苹果"
    },
    "frame": "challenge",
    "show_toast": true,
    "announce_to_chat": true,
    "hidden": false
  },
  "rewards": {
    "function": "minecraft:mchusbandry/overpowered"
  },
  "criteria": {
    "golden_apple": {
      "trigger": "minecraft:inventory_changed",
      "conditions": {
        "items": [
          {
            "items": [
              "minecraft:enchanted_golden_apple"
            ]
          }
        ]
      }
    }
  }
}