{
  "parent": "minecraft:husbandry/plant_seed",
  "display": {
    "icon": {
      "item": "minecraft:bread"
    },
    "title": {
      "translate": "烤面包"
    },
    "description": {
      "translate": "用小麦来做面包"
    },
    "frame": "task",
    "show_toast": true,
    "announce_to_chat": true,
    "hidden": false
  },
  "rewards": {
    "function": "minecraft:mchusbandry/bread"
  },
  "criteria": {
    "bread": {
      "trigger": "minecraft:inventory_changed",
      "conditions": {
        "items": [
          {
            "items": [
              "minecraft:bread"
            ]
          }
        ]
      }
    }
  }
}