{
  "parent": "minecraft:husbandry/repopulation",
  "display": {
    "icon": {
      "item": "minecraft:golden_carrot"
    },
    "title": {
      "translate": "advancements.husbandry.breed_all_animals.title"
    },
    "description": {
      "translate": "advancements.husbandry.breed_all_animals.description"
    },
    "frame": "challenge",
    "show_toast": true,
    "announce_to_chat": true,
    "hidden": false
  },
  "rewards": {
    "experience": 100
  },
  "criteria": {
    "minecraft:horse": {
      "trigger": "minecraft:bred_animals",
      "conditions": {
        "child": [
          {
            "condition": "minecraft:entity_properties",
            "predicate": {
              "type": "minecraft:horse"
            },
            "entity": "this"
          }
        ]
      }
    },
    "minecraft:donkey": {
      "trigger": "minecraft:bred_animals",
      "conditions": {
        "child": [
          {
            "condition": "minecraft:entity_properties",
            "predicate": {
              "type": "minecraft:donkey"
            },
            "entity": "this"
          }
        ]
      }
    },
    "minecraft:mule": {
      "trigger": "minecraft:bred_animals",
      "conditions": {
        "child": [
          {
            "condition": "minecraft:entity_properties",
            "predicate": {
              "type": "minecraft:mule"
            },
            "entity": "this"
          }
        ]
      }
    },
    "minecraft:sheep": {
      "trigger": "minecraft:bred_animals",
      "conditions": {
        "child": [
          {
            "condition": "minecraft:entity_properties",
            "predicate": {
              "type": "minecraft:sheep"
            },
            "entity": "this"
          }
        ]
      }
    },
    "minecraft:cow": {
      "trigger": "minecraft:bred_animals",
      "conditions": {
        "child": [
          {
            "condition": "minecraft:entity_properties",
            "predicate": {
              "type": "minecraft:cow"
            },
            "entity": "this"
          }
        ]
      }
    },
    "minecraft:mooshroom": {
      "trigger": "minecraft:bred_animals",
      "conditions": {
        "child": [
          {
            "condition": "minecraft:entity_properties",
            "predicate": {
              "type": "minecraft:mooshroom"
            },
            "entity": "this"
          }
        ]
      }
    },
    "minecraft:pig": {
      "trigger": "minecraft:bred_animals",
      "conditions": {
        "child": [
          {
            "condition": "minecraft:entity_properties",
            "predicate": {
              "type": "minecraft:pig"
            },
            "entity": "this"
          }
        ]
      }
    },
    "minecraft:chicken": {
      "trigger": "minecraft:bred_animals",
      "conditions": {
        "child": [
          {
            "condition": "minecraft:entity_properties",
            "predicate": {
              "type": "minecraft:chicken"
            },
            "entity": "this"
          }
        ]
      }
    },
    "minecraft:wolf": {
      "trigger": "minecraft:bred_animals",
      "conditions": {
        "child": [
          {
            "condition": "minecraft:entity_properties",
            "predicate": {
              "type": "minecraft:wolf"
            },
            "entity": "this"
          }
        ]
      }
    },
    "minecraft:ocelot": {
      "trigger": "minecraft:bred_animals",
      "conditions": {
        "child": [
          {
            "condition": "minecraft:entity_properties",
            "predicate": {
              "type": "minecraft:ocelot"
            },
            "entity": "this"
          }
        ]
      }
    },
    "minecraft:rabbit": {
      "trigger": "minecraft:bred_animals",
      "conditions": {
        "child": [
          {
            "condition": "minecraft:entity_properties",
            "predicate": {
              "type": "minecraft:rabbit"
            },
            "entity": "this"
          }
        ]
      }
    },
    "minecraft:llama": {
      "trigger": "minecraft:bred_animals",
      "conditions": {
        "child": [
          {
            "condition": "minecraft:entity_properties",
            "predicate": {
              "type": "minecraft:llama"
            },
            "entity": "this"
          }
        ]
      }
    },
    "minecraft:cat": {
      "trigger": "minecraft:bred_animals",
      "conditions": {
        "child": [
          {
            "condition": "minecraft:entity_properties",
            "predicate": {
              "type": "minecraft:cat"
            },
            "entity": "this"
          }
        ]
      }
    },
    "minecraft:panda": {
      "trigger": "minecraft:bred_animals",
      "conditions": {
        "child": [
          {
            "condition": "minecraft:entity_properties",
            "predicate": {
              "type": "minecraft:panda"
            },
            "entity": "this"
          }
        ]
      }
    },
    "minecraft:fox": {
      "trigger": "minecraft:bred_animals",
      "conditions": {
        "child": [
          {
            "condition": "minecraft:entity_properties",
            "predicate": {
              "type": "minecraft:fox"
            },
            "entity": "this"
          }
        ]
      }
    },
    "minecraft:bee": {
      "trigger": "minecraft:bred_animals",
      "conditions": {
        "child": [
          {
            "condition": "minecraft:entity_properties",
            "predicate": {
              "type": "minecraft:bee"
            },
            "entity": "this"
          }
        ]
      }
    },
    "minecraft:hoglin": {
      "trigger": "minecraft:bred_animals",
      "conditions": {
        "child": [
          {
            "condition": "minecraft:entity_properties",
            "predicate": {
              "type": "minecraft:hoglin"
            },
            "entity": "this"
          }
        ]
      }
    },
    "minecraft:strider": {
      "trigger": "minecraft:bred_animals",
      "conditions": {
        "child": [
          {
            "condition": "minecraft:entity_properties",
            "predicate": {
              "type": "minecraft:strider"
            },
            "entity": "this"
          }
        ]
      }
    },
    "minecraft:goat": {
      "trigger": "minecraft:bred_animals",
      "conditions": {
        "child": [
          {
            "condition": "minecraft:entity_properties",
            "predicate": {
              "type": "minecraft:goat"
            },
            "entity": "this"
          }
        ]
      }
    },
    "minecraft:axolotl": {
      "trigger": "minecraft:bred_animals",
      "conditions": {
        "child": [
          {
            "condition": "minecraft:entity_properties",
            "predicate": {
              "type": "minecraft:axolotl"
            },
            "entity": "this"
          }
        ]
      }
    },
    "minecraft:turtle": {
      "trigger": "minecraft:bred_animals",
      "conditions": {
        "parent": [
          {
            "condition": "minecraft:entity_properties",
            "predicate": {
              "type": "minecraft:turtle"
            },
            "entity": "this"
          }
        ],
        "partner": [
          {
            "condition": "minecraft:entity_properties",
            "predicate": {
              "type": "minecraft:turtle"
            },
            "entity": "this"
          }
        ]
      }
    }
  },
  "requirements": [
    [
      "minecraft:horse"
    ],
    [
      "minecraft:donkey"
    ],
    [
      "minecraft:mule"
    ],
    [
      "minecraft:sheep"
    ],
    [
      "minecraft:cow"
    ],
    [
      "minecraft:mooshroom"
    ],
    [
      "minecraft:pig"
    ],
    [
      "minecraft:chicken"
    ],
    [
      "minecraft:wolf"
    ],
    [
      "minecraft:ocelot"
    ],
    [
      "minecraft:rabbit"
    ],
    [
      "minecraft:llama"
    ],
    [
      "minecraft:cat"
    ],
    [
      "minecraft:panda"
    ],
    [
      "minecraft:fox"
    ],
    [
      "minecraft:bee"
    ],
    [
      "minecraft:hoglin"
    ],
    [
      "minecraft:strider"
    ],
    [
      "minecraft:goat"
    ],
    [
      "minecraft:axolotl"
    ],
    [
      "minecraft:turtle"
    ]
  ]
}