{
  "parent": "minecraft:story/fishy_business",
  "display": {
    "icon": {
      "item": "minecraft:cooked_cod"
    },
    "title": {
      "translate": "美味的鱼儿"
    },
    "description": {
      "translate": "抓起鱼儿然后烤！"
    },
    "frame": "task",
    "show_toast": true,
    "announce_to_chat": true,
    "hidden": false
  },
  "rewards": {
    "experience": 10
  },
  "criteria": {
    "cod": {
      "trigger": "minecraft:inventory_changed",
      "conditions": {
        "items": [
          {
            "items": [
              "minecraft:cooked_cod"
            ]
          }
        ]
      }
    },
    "salmon": {
      "trigger": "minecraft:inventory_changed",
      "conditions": {
        "items": [
          {
            "items": [
              "minecraft:cooked_salmon"
            ]
          }
        ]
      }
    }
  },
  "requirements": [
    [
      "cod",
      "salmon"
    ]
  ]
}