{
  "parent": "minecraft:husbandry/breed_an_animal",
  "display": {
    "icon": {
      "item": "minecraft:leather"
    },
    "title": {
      "translate": "斗牛士"
    },
    "description": {
      "translate": "获取牛的皮革"
    },
    "frame": "task",
    "show_toast": true,
    "announce_to_chat": true,
    "hidden": false
  },
  "rewards": {
    "function": "minecraft:mchusbandry/leather"
  },
  "criteria": {
    "leather": {
      "trigger": "minecraft:inventory_changed",
      "conditions": {
        "items": [
          {
            "items": [
              "minecraft:leather"
            ]
          }
        ]
      }
    }
  }
}