{
  "display": {
    "icon": {
      "item": "minecraft:raw_beef"
    },
    "title": {
      "translate": "繁衍生息"
    },
    "description": {
      "translate": "让两头牛繁殖"
    },
    "frame": "task",
    "show_toast": true,
    "announce_to_chat": true,
    "hidden": false
  },
  "parent": "minecraft:husbandry/leather",
  "criteria": {
    "bred": {
      "trigger": "minecraft:bred_animals",
      "conditions": {
        "child": [
          {
            "condition": "minecraft:entity_properties",
            "entity": "this",
            "predicate": {
              "type": "minecraft:cow"
            }
          }
        ]
      }
    }
  },
  "rewards": {
    "function": "minecraft:mchusbandry/repopulation"
  }
}
