{
  "parent": "minecraft:husbandry/fishy_business",
  "display": {
    "icon": {
      "item": "minecraft:pufferfish_bucket"
    },
    "title": {
      "translate": "我是一名海洋生物学家"
    },
    "description": {
      "translate": "用一个桶收集一条鱼"
    },
    "frame": "task",
    "show_toast": true,
    "announce_to_chat": true,
    "hidden": false
  },
  "rewards": {
    "experience": 20
  },
  "criteria": {
    "cod_bucket": {
      "trigger": "minecraft:filled_bucket",
      "conditions": {
        "item": {
          "items": [
            "minecraft:cod_bucket"
          ]
        }
      }
    },
    "tropical_fish_bucket": {
      "trigger": "minecraft:filled_bucket",
      "conditions": {
        "item": {
          "items": [
            "minecraft:tropical_fish_bucket"
          ]
        }
      }
    },
    "pufferfish_bucket": {
      "trigger": "minecraft:filled_bucket",
      "conditions": {
        "item": {
          "items": [
            "minecraft:pufferfish_bucket"
          ]
        }
      }
    },
    "salmon_bucket": {
      "trigger": "minecraft:filled_bucket",
      "conditions": {
        "item": {
          "items": [
            "minecraft:salmon_bucket"
          ]
        }
      }
    }
  },
  "requirements": [
    [
      "cod_bucket",
      "tropical_fish_bucket",
      "pufferfish_bucket",
      "salmon_bucket"
    ]
  ]
}