{
  "type": "minecraft:creeper_checkerboard",
  "generator": {
    "type": "minecraft:noise",
    "seed": 0,
    "biome_source": {
	 "humidity_noise": {
      "firstOctave": -7,
      "amplitudes": [
        1.0,
        1.0
      ]
    },
    "altitude_noise": {
      "firstOctave": -7,
      "amplitudes": [
        1.0,
        1.0
      ]
    },
    "weirdness_noise": {
      "firstOctave": -7,
      "amplitudes": [
        1.0,
        1.0
      ]
    },
    "temperature_noise": {
      "firstOctave": -7,
      "amplitudes": [
        1.0,
        1.0
      ]
    },
      "type": "minecraft:checkerboard",
      "seed": 0,
      "biomes": [
        "minecraft:creeper_world/plains",
        "minecraft:creeper_world/savanna",
        "minecraft:ocean",
        "minecraft:creeper_world/snowy_plains",
        "minecraft:creeper_world/snowy_taiga",
        "minecraft:creeper_world/windswept_hills",
        "minecraft:creeper_world/taiga",
        "minecraft:creeper_world/birch_forest",
        "minecraft:creeper_world/all_structure_plains",
        "minecraft:creeper_world/safe_desert",
        "minecraft:creeper_world/all_structure_snowy_plains",
        "minecraft:creeper_world/jungle",
        "minecraft:creeper_world/old_growth_pine_taiga",
        "minecraft:creeper_world/old_growth_spruce_taiga",
        "minecraft:creeper_world/forest"
      ],
      "scale": 3
    },
    "settings": "minecraft:creeper_world"
  }
}
