{
  "type": "minecraft:end_lands",
  "generator": {
    "type": "minecraft:noise",
    "seed": 1488955043,
    "settings": "minecraft:end_lands",
    "biome_source": {
      "type": "minecraft:multi_noise",
      "seed": 1488955043,
      "altitude_noise": {
        "firstOctave": -7,
        "amplitudes": [
          1,
          1
        ]
      },
      "temperature_noise": {
        "firstOctave": -7,
        "amplitudes": [
          1,
          1
        ]
      },
      "humidity_noise": {
        "firstOctave": -7,
        "amplitudes": [
          1,
          1
        ]
      },
      "weirdness_noise": {
        "firstOctave": -7,
        "amplitudes": [
          1,
          1
        ]
      },
      "biomes": [
        {
          "biome": "minecraft:the_end/end_plains",
          "parameters": {
            "altitude": 0,
            "temperature": 0,
            "humidity": 0,
            "weirdness": 0,
            "offset": 0
          }
        },
        {
          "biome": "minecraft:the_end/end_barrens",
          "parameters": {
            "altitude": 0,
            "temperature": 0.35,
            "humidity": 0,
            "weirdness": 0,
            "offset": 0
          }
        },
        {
          "biome": "minecraft:the_end/end_plateaus",
          "parameters": {
            "altitude": 0.2,
            "temperature": 0,
            "humidity": 0,
            "weirdness": 0,
            "offset": 0
          }
        },
        {
          "biome": "minecraft:the_end/end_mountains",
          "parameters": {
            "altitude": 0,
            "temperature": 0.35,
            "humidity": 0.7,
            "weirdness": 0,
            "offset": 0
          }
        }
      ]
    }
  }
}
