{
  "parent": "minecraft:biome_new/world_center",
  "display": {
    "icon": {
      "item": "minecraft:oak_boat",
      "nbt": "{Damage:0}"
    },
    "title": {
      "translate": "到世界边缘了吗？"
    },
    "description": {
      "translate": "走到原始边境之地(12550820)"
    },
    "frame": "goal",
    "show_toast": true,
    "announce_to_chat": true,
    "hidden": false
  },
  "rewards": {
    "experience": 200
  },
  "criteria": {
    "edge_of_world": {
      "trigger": "minecraft:location",
      "conditions": {
        "location": {
          "position": {
            "x": {
              "min": 12550820
            }
          }
        }
      }
    },
    "edge_of_world_minus": {
      "trigger": "minecraft:location",
      "conditions": {
        "location": {
          "position": {
            "x": {
              "max": -12550820
            }
          }
        }
      }
    },
    "edge_of_world_z": {
      "trigger": "minecraft:location",
      "conditions": {
        "location": {
          "position": {
            "z": {
              "min": 12550820
            }
          }
        }
      }
    },
    "edge_of_world_z_minus": {
      "trigger": "minecraft:location",
      "conditions": {
        "location": {
          "position": {
            "z": {
              "max": -12550820
            }
          }
        }
      }
    }
  },
  "requirements": [
    [
      "edge_of_world",
      "edge_of_world_minus",
      "edge_of_world_z",
      "edge_of_world_z_minus"
    ]
  ]
}