{
  "display": {
    "icon": {
      "item": "minecraft:mycelium"
    },
    "title": {
      "translate": "生物群系探索"
    },
    "description": {
      "translate": "正在施工中"
    },
    "frame": "task",
    "show_toast": false,
    "announce_to_chat": false,
    "hidden": false,
    "background": "minecraft:textures/block/oak_log_top.png"
  },
  "criteria": {
    "crafting_table": {
      "trigger": "minecraft:inventory_changed",
      "conditions": {
        "items": [
          {
            "items": [
              "minecraft:crafting_table"
            ]
          }
        ]
      }
    }
  },
  "requirements": [
    [
      "crafting_table"
    ]
  ]
}