{
    "display": {
        "icon": {
            "item": "minecraft:sand"
        },
        "title": {"translate":"珊瑚之地"},
        "description": {"translate":"发现暖水海洋"},
		"frame": "task",
		"hidden": "false"
    },
    "parent": "minecraft:biome_new/mushroom_fields",	
    "rewards": {
		"experience": 100
    },	
    "criteria": {
        "warm_ocean": {
            "trigger": "minecraft:location",
            "conditions": {
                "biome": "minecraft:overworld/warm_ocean"
            }
        }
    }
}