{
  "parent": "minecraft:biome_new/root",
  "display": {
    "icon": {
      "item": "minecraft:leather_boots",
      "nbt": "{Damage:0}"
    },
    "title": {
      "translate": "平面直角坐标系"
    },
    "description": {
      "translate": "找到坐标原点（不含y）"
    },
    "frame": "task",
    "show_toast": true,
    "announce_to_chat": true,
    "hidden": false
  },
  "rewards": {
    "function": "minecraft:biome_new/world_center"
  },
  "criteria": {
    "world_center": {
      "trigger": "minecraft:location",
      "conditions": {
        "location": {
          "position": {
            "x": {
              "min": -0.5,
              "max": 0.5
            },
            "z": {
              "min": -0.5,
              "max": 0.5
            }
          }
        }
      }
    }
  },
  "requirements": [
    [
      "world_center"
    ]
  ]
}