{
  "parent": "minecraft:biome/all_structure_biome",
  "display": {
    "icon": {
      "item": "minecraft:grass_block",
      "nbt": "{Damage:0}"
    },
    "title": {
      "translate": "安全探索"
    },
    "description": {
      "translate": "到访所有苦力怕群系"
    },
    "frame": "challenge",
    "show_toast": true,
    "announce_to_chat": true,
    "hidden": false
  },
  "rewards": {
    "experience": 100
  },
  "criteria": {
    "plains": {
      "trigger": "minecraft:location",
      "conditions": {
        "location": {
          "biome": "minecraft:creeper_world/plains"
        }
      }
    },
    "forest": {
      "trigger": "minecraft:location",
      "conditions": {
        "location": {
          "biome": "minecraft:creeper_world/forest"
        }
      }
    },
    "taiga": {
      "trigger": "minecraft:location",
      "conditions": {
        "location": {
          "biome": "minecraft:creeper_world/taiga"
        }
      }
    },
    "savanna": {
      "trigger": "minecraft:location",
      "conditions": {
        "location": {
          "biome": "minecraft:creeper_world/savanna"
        }
      }
    },
    "windswept_hills": {
      "trigger": "minecraft:location",
      "conditions": {
        "location": {
          "biome": "minecraft:creeper_world/windswept_hills"
        }
      }
    },
    "birch_forest": {
      "trigger": "minecraft:location",
      "conditions": {
        "location": {
          "biome": "minecraft:creeper_world/birch_forest"
        }
      }
    },
    "jungle": {
      "trigger": "minecraft:location",
      "conditions": {
        "location": {
          "biome": "minecraft:creeper_world/jungle"
        }
      }
    },
    "snowy_plains": {
      "trigger": "minecraft:location",
      "conditions": {
        "location": {
          "biome": "minecraft:creeper_world/snowy_plains"
        }
      }
    },
    "snowy_taiga": {
      "trigger": "minecraft:location",
      "conditions": {
        "location": {
          "biome": "minecraft:creeper_world/snowy_taiga"
        }
      }
    },
    "giant_taiga": {
      "trigger": "minecraft:location",
      "conditions": {
        "location": {
          "biome": "minecraft:creeper_world/old_growth_pine_taiga"
        }
      }
    },
    "giant_spruce_taiga": {
      "trigger": "minecraft:location",
      "conditions": {
        "location": {
          "biome": "minecraft:creeper_world/old_growth_spruce_taiga"
        }
      }
    },
    "all_structure": {
      "trigger": "minecraft:location",
      "conditions": {
        "location": {
          "biome": "minecraft:creeper_world/all_structure_plains"
        }
      }
    },
    "all_structure_snowy": {
      "trigger": "minecraft:location",
      "conditions": {
        "location": {
          "biome": "minecraft:creeper_world/all_structure_snowy_plains"
        }
      }
    }
  }
}