{
  "parent": "minecraft:biome/look_at_creeper",
  "display": {
    "icon": {
      "item": "minecraft:iron_shovel",
      "nbt": "{Damage:0}"
    },
    "title": {
      "translate": "逃离的线索"
    },
    "description": {
      "translate": "找到苦力怕世界的坐标原点"
    },
    "frame": "task",
    "show_toast": true,
    "announce_to_chat": true,
    "hidden": false
  },
  "rewards": {
    "experience": 3
  },
  "criteria": {
    "world_center": {
      "trigger": "minecraft:location",
      "conditions": {
        "location": {
          "position": {
            "x": {
              "min": -0.5,
              "max": 0.5
            },
            "z": {
              "min": -0.5,
              "max": 0.5
            }
          },
         "dimension": "minecraft:creeper_world"
        }
      }
    }
  },
  "requirements": [
    [
      "world_center"
    ]
  ]
}