{
    "display": {
        "icon": {
            "item": "minecraft:bone"
        },
        "title": {"translate":"再接再厉 III"},
        "description": {"translate":"死亡200次"},
		"frame": "challenge"
    },
    "parent": "minecraft:stat/death_2",
	"rewards": {
		"experience": 300
    },		
    "criteria": {
        "player_dead": {
            "trigger": "minecraft:location",
			"conditions": {
				"player":  {
					"player": {
						"stats": [
							{
								"type": "minecraft:custom",
								"stat": "minecraft:deaths",
								"value": {
									"min": 200
								}
							}
						]
					}
				}
			}
        }
    }
}