{
    "display": {
        "icon": {
            "item": "minecraft:crafting_table"
        },
        "title": {"translate":"打发时间"},
        "description": {"translate":"在游戏中生存5天（现实时间1小时40分钟）"},
		"frame": "goal"
    },
    "parent": "minecraft:stat/play_time",
	"rewards": {
		"experience": 50
    },		
    "criteria": {
        "played_time": {
            "trigger": "minecraft:location",
			"conditions": {
				"player":  {
					"player": {
						"stats": [
							{
								"type": "minecraft:custom",
								"stat": "minecraft:play_time",
								"value": {
									"min": 120000
								}
							}
						]
					}
				}
			}
        }
    }
}