{
    "display": {
        "icon": {
            "item": "minecraft:golden_pickaxe"
        },
        "title": {"translate":"打发时间 II"},
        "description": {"translate":"在游戏中生存15天（现实时间5小时）"},
		"frame": "challenge"
    },
    "parent": "minecraft:stat/play_time_2",
	"rewards": {
		"experience": 70
    },		
    "criteria": {
        "played_time": {
            "trigger": "minecraft:location",
			"conditions": {
				"player":  {
					"player": {
						"stats": [
							{
								"type": "minecraft:custom",
								"stat": "minecraft:play_time",
								"value": {
									"min": 360000
								}
							}
						]
					}
				}
			}
        }
    }
}