{
    "display": {
        "icon": {
            "item": "minecraft:stone"
        },
        "title": {"translate":"石头采集器 II"},
        "description": {"translate":"采集500个石头"},
		"frame": "challenge"
    },
    "parent": "minecraft:stat/stones",
	"rewards": {
		"experience": 200,
		"function": "minecraft:stat/stones_2"
    },		
    "criteria": {
        "mine_stone": {
            "trigger": "minecraft:location",
			"conditions": {
				"player":  {
					"player": {
						"stats": [
							{
								"type": "minecraft:mined",
								"stat": "minecraft:stone",
								"value": {
									"min": 500
								}
							}
						]
					}
				}
			}
        }
    }
}