{
  "parent": "minecraft:nether/ride_strider",
  "display": {
    "icon": {
      "item": "minecraft:netherrack"
    },
    "title": {
      "translate": "这还是地下世界吗？"
    },
    "description": {
      "translate": "达到下界顶部"
    },
    "frame": "goal",
    "show_toast": true,
    "announce_to_chat": true,
    "hidden": false
  },
  "rewards": {
    "experience": 15
  },
  "criteria": {
    "world_top": {
      "trigger": "minecraft:location",
      "conditions": {
        "location": {
          "position": {
            "y": {
              "min": 128
            }
          },
          "dimension": "minecraft:the_nether"
        }
      }
    }
  },
  "requirements": [
    [
      "world_top"
    ]
  ]
}