{
    "display": {
        "icon": {
            "item": "minecraft:stone_pickaxe"
        },
        "title": {"translate":"勤劳矿工"},
        "description": {"translate":"制作100个石镐"},
		"frame": "challenge"
    },
    "parent": "minecraft:stat/root",
	"rewards": {
		"experience": 300,
                                "function": "minecraft:stat/many_pickaxe"
    },		
    "criteria": {
        "craft_pickaxe": {
            "trigger": "minecraft:location",
			"conditions": {
				"player":  {
					"player": {
						"stats": [
							{
								"type": "minecraft:crafted",
								"stat": "minecraft:stone_pickaxe",
								"value": {
									"min": 100
								}
							}
						]
					}
				}
			}
        }
    }
}