{
    "display": {
        "icon": {
            "item": "minecraft:firework_rocket"
        },
        "title": {"translate":"生存达人 IV"},
        "description": {"translate":"在游戏中生存365天！新年快乐！"},
		"frame": "challenge"
    },
    "parent": "minecraft:stat/play_time_4",
	"rewards": {
		"experience": 5000
    },		
    "criteria": {
        "played_time": {
            "trigger": "minecraft:location",
			"conditions": {
				"player":  {
					"player": {
						"stats": [
							{
								"type": "minecraft:custom",
								"stat": "minecraft:play_time",
								"value": {
									"min": 8760000
								}
							}
						]
					}
				}
			}
        }
    }
}