{
    "display": {
        "icon": {
            "item": "minecraft:pillager_spawn_egg"
        },
        "title": {"translate":"村庄保卫战！"},
        "description": {"translate":"触发10次袭击"},
		"frame": "challenge"
    },
    "parent": "minecraft:stat/root",
	"rewards": {
		"experience": 100,
                                "function": "minecraft:stat/raid"
    },		
    "criteria": {
        "raid": {
            "trigger": "minecraft:location",
			"conditions": {
				"player":  {
					"player": {
						"stats": [
							{
								"type": "minecraft:custom",
								"stat": "minecraft:raid_trigger",
								"value": {
									"min": 10
								}
							}
						]
					}
				}
			}
        }
    }
}