{
  "name": "minecraft:creeper_town",
  "fallback": "minecraft:empty",
  "elements": [
    {
      "weight": 1,
      "element": {
        "location": "minecraft:creeper_town_loot",
        "processors": "minecraft:creeper_town",
        "projection": "rigid",
        "element_type": "minecraft:single_pool_element"
      }
    },
    {
      "weight": 1,
      "element": {
        "location": "minecraft:creeper_town",
        "processors": "minecraft:creeper_town",
        "projection": "rigid",
        "element_type": "minecraft:single_pool_element"
      }
    }
  ]
}