{
  "parent": "minecraft:redstone/root",
  "display": {
    "icon": {
      "item": "minecraft:oak_planks"
    },
    "title": {
      "translate": "人造的矿洞！"
    },
    "description": {
      "translate": "进入废弃矿洞"
    },
    "frame": "task",
    "show_toast": true,
    "announce_to_chat": true,
    "hidden": false
  },
  "rewards": {
    "experience": 10
  },
  "criteria": {
    "mineshaft": {
      "trigger": "minecraft:location",
      "conditions": {
        "location": {
          "feature": "mineshaft"
        }
      }
    }
  },
  "requirements": [
    [
      "mineshaft"
    ]
  ]
}