{
  "parent": "minecraft:redstone/button",
  "display": {
    "icon": {
      "item": "minecraft:lever",
      "nbt": "{Damage:0}"
    },
    "title": {
      "translate": "又是基本的开关"
    },
    "description": {
      "translate": "终于是可以持续的电源了"
    },
    "frame": "task",
    "show_toast": true,
    "announce_to_chat": true,
    "hidden": false
  },
  "rewards": {
    "function": "minecraft:redstone/lever"
  },
  "criteria": {
    "lever": {
      "trigger": "minecraft:inventory_changed",
      "conditions": {
        "items": [
          {
            "items": [
              "minecraft:lever"
            ]
          }
        ]
      }
    }
  },
  "requirements": [
    [
      "lever"
    ]
  ]
}