{
  "parent": "minecraft:biome/mushroom_fields",
  "display": {
    "icon": {
      "item": "minecraft:netherite_boots",
      "nbt": "{Damage:0}"
    },
    "title": {
      "translate": "探索的时光 II"
    },
    "description": {
      "translate": "发现所有的生物群系，包括下界，末地和变种群系！"
    },
    "frame": "challenge",
    "show_toast": true,
    "announce_to_chat": true,
    "hidden": false
  },
  "rewards": {
    "experience": 30000,
    "function": "minecraft:biome/adventuring_time_2"
  },
  "criteria": {
    "minecraft:birch_forest_hills": {
      "trigger": "minecraft:location",
      "conditions": {
        "location": {
          "biome": "minecraft:birch_forest_hills"
        }
      }
    },
    "minecraft:river": {
      "trigger": "minecraft:location",
      "conditions": {
        "location": {
          "biome": "minecraft:river"
        }
      }
    },
    "minecraft:swamp": {
      "trigger": "minecraft:location",
      "conditions": {
        "location": {
          "biome": "minecraft:swamp"
        }
      }
    },
    "minecraft:desert": {
      "trigger": "minecraft:location",
      "conditions": {
        "location": {
          "biome": "minecraft:desert"
        }
      }
    },
    "minecraft:wooded_hills": {
      "trigger": "minecraft:location",
      "conditions": {
        "location": {
          "biome": "minecraft:wooded_hills"
        }
      }
    },
    "minecraft:giant_tree_taiga_hills": {
      "trigger": "minecraft:location",
      "conditions": {
        "location": {
          "biome": "minecraft:giant_tree_taiga_hills"
        }
      }
    },
    "minecraft:snowy_taiga": {
      "trigger": "minecraft:location",
      "conditions": {
        "location": {
          "biome": "minecraft:snowy_taiga"
        }
      }
    },
    "minecraft:badlands": {
      "trigger": "minecraft:location",
      "conditions": {
        "location": {
          "biome": "minecraft:badlands"
        }
      }
    },
    "minecraft:forest": {
      "trigger": "minecraft:location",
      "conditions": {
        "location": {
          "biome": "minecraft:forest"
        }
      }
    },
    "minecraft:stone_shore": {
      "trigger": "minecraft:location",
      "conditions": {
        "location": {
          "biome": "minecraft:stone_shore"
        }
      }
    },
    "minecraft:snowy_tundra": {
      "trigger": "minecraft:location",
      "conditions": {
        "location": {
          "biome": "minecraft:snowy_tundra"
        }
      }
    },
    "minecraft:taiga_hills": {
      "trigger": "minecraft:location",
      "conditions": {
        "location": {
          "biome": "minecraft:taiga_hills"
        }
      }
    },
    "minecraft:snowy_mountains": {
      "trigger": "minecraft:location",
      "conditions": {
        "location": {
          "biome": "minecraft:snowy_mountains"
        }
      }
    },
    "minecraft:wooded_badlands_plateau": {
      "trigger": "minecraft:location",
      "conditions": {
        "location": {
          "biome": "minecraft:wooded_badlands_plateau"
        }
      }
    },
    "minecraft:savanna": {
      "trigger": "minecraft:location",
      "conditions": {
        "location": {
          "biome": "minecraft:savanna"
        }
      }
    },
    "minecraft:plains": {
      "trigger": "minecraft:location",
      "conditions": {
        "location": {
          "biome": "minecraft:plains"
        }
      }
    },
    "minecraft:frozen_river": {
      "trigger": "minecraft:location",
      "conditions": {
        "location": {
          "biome": "minecraft:frozen_river"
        }
      }
    },
    "minecraft:giant_tree_taiga": {
      "trigger": "minecraft:location",
      "conditions": {
        "location": {
          "biome": "minecraft:giant_tree_taiga"
        }
      }
    },
    "minecraft:snowy_beach": {
      "trigger": "minecraft:location",
      "conditions": {
        "location": {
          "biome": "minecraft:snowy_beach"
        }
      }
    },
    "minecraft:jungle_hills": {
      "trigger": "minecraft:location",
      "conditions": {
        "location": {
          "biome": "minecraft:jungle_hills"
        }
      }
    },
    "minecraft:jungle_edge": {
      "trigger": "minecraft:location",
      "conditions": {
        "location": {
          "biome": "minecraft:jungle_edge"
        }
      }
    },
    "minecraft:mushroom_field_shore": {
      "trigger": "minecraft:location",
      "conditions": {
        "location": {
          "biome": "minecraft:mushroom_field_shore"
        }
      }
    },
    "minecraft:mountains": {
      "trigger": "minecraft:location",
      "conditions": {
        "location": {
          "biome": "minecraft:mountains"
        }
      }
    },
    "minecraft:desert_hills": {
      "trigger": "minecraft:location",
      "conditions": {
        "location": {
          "biome": "minecraft:desert_hills"
        }
      }
    },
    "minecraft:jungle": {
      "trigger": "minecraft:location",
      "conditions": {
        "location": {
          "biome": "minecraft:jungle"
        }
      }
    },
    "minecraft:beach": {
      "trigger": "minecraft:location",
      "conditions": {
        "location": {
          "biome": "minecraft:beach"
        }
      }
    },
    "minecraft:savanna_plateau": {
      "trigger": "minecraft:location",
      "conditions": {
        "location": {
          "biome": "minecraft:savanna_plateau"
        }
      }
    },
    "minecraft:snowy_taiga_hills": {
      "trigger": "minecraft:location",
      "conditions": {
        "location": {
          "biome": "minecraft:snowy_taiga_hills"
        }
      }
    },
    "minecraft:badlands_plateau": {
      "trigger": "minecraft:location",
      "conditions": {
        "location": {
          "biome": "minecraft:badlands_plateau"
        }
      }
    },
    "minecraft:dark_forest": {
      "trigger": "minecraft:location",
      "conditions": {
        "location": {
          "biome": "minecraft:dark_forest"
        }
      }
    },
    "minecraft:taiga": {
      "trigger": "minecraft:location",
      "conditions": {
        "location": {
          "biome": "minecraft:taiga"
        }
      }
    },
    "minecraft:birch_forest": {
      "trigger": "minecraft:location",
      "conditions": {
        "location": {
          "biome": "minecraft:birch_forest"
        }
      }
    },
    "minecraft:mushroom_fields": {
      "trigger": "minecraft:location",
      "conditions": {
        "location": {
          "biome": "minecraft:mushroom_fields"
        }
      }
    },
    "minecraft:wooded_mountains": {
      "trigger": "minecraft:location",
      "conditions": {
        "location": {
          "biome": "minecraft:wooded_mountains"
        }
      }
    },
    "minecraft:warm_ocean": {
      "trigger": "minecraft:location",
      "conditions": {
        "location": {
          "biome": "minecraft:warm_ocean"
        }
      }
    },
    "minecraft:lukewarm_ocean": {
      "trigger": "minecraft:location",
      "conditions": {
        "location": {
          "biome": "minecraft:lukewarm_ocean"
        }
      }
    },
    "minecraft:cold_ocean": {
      "trigger": "minecraft:location",
      "conditions": {
        "location": {
          "biome": "minecraft:cold_ocean"
        }
      }
    },
    "minecraft:deep_lukewarm_ocean": {
      "trigger": "minecraft:location",
      "conditions": {
        "location": {
          "biome": "minecraft:deep_lukewarm_ocean"
        }
      }
    },
    "minecraft:deep_cold_ocean": {
      "trigger": "minecraft:location",
      "conditions": {
        "location": {
          "biome": "minecraft:deep_cold_ocean"
        }
      }
    },
    "minecraft:deep_frozen_ocean": {
      "trigger": "minecraft:location",
      "conditions": {
        "location": {
          "biome": "minecraft:deep_frozen_ocean"
        }
      }
    },
    "minecraft:bamboo_jungle": {
      "trigger": "minecraft:location",
      "conditions": {
        "location": {
          "biome": "minecraft:bamboo_jungle"
        }
      }
    },
    "minecraft:bamboo_jungle_hills": {
      "trigger": "minecraft:location",
      "conditions": {
        "location": {
          "biome": "minecraft:bamboo_jungle_hills"
        }
      }
    },
    "minecraft:ocean": {
      "trigger": "minecraft:location",
      "conditions": {
        "location": {
          "biome": "minecraft:ocean"
        }
      }
    },
    "minecraft:deep_ocean": {
      "trigger": "minecraft:location",
      "conditions": {
        "location": {
          "biome": "minecraft:deep_ocean"
        }
      }
    },
    "minecraft:frozen_ocean": {
      "trigger": "minecraft:location",
      "conditions": {
        "location": {
          "biome": "minecraft:frozen_ocean"
        }
      }
    },
    "minecraft:modified_jungle_edge": {
      "trigger": "minecraft:location",
      "conditions": {
        "location": {
          "biome": "minecraft:modified_jungle_edge"
        }
      }
    },
    "minecraft:snowy_taiga_mountains": {
      "trigger": "minecraft:location",
      "conditions": {
        "location": {
          "biome": "minecraft:snowy_taiga_mountains"
        }
      }
    },
    "minecraft:modified_wooded_badlands_plateau": {
      "trigger": "minecraft:location",
      "conditions": {
        "location": {
          "biome": "minecraft:modified_wooded_badlands_plateau"
        }
      }
    },
    "minecraft:modified_badlands_plateau": {
      "trigger": "minecraft:location",
      "conditions": {
        "location": {
          "biome": "minecraft:modified_badlands_plateau"
        }
      }
    },
    "minecraft:modified_jungle": {
      "trigger": "minecraft:location",
      "conditions": {
        "location": {
          "biome": "minecraft:modified_jungle"
        }
      }
    },
    "minecraft:taiga_mountains": {
      "trigger": "minecraft:location",
      "conditions": {
        "location": {
          "biome": "minecraft:taiga_mountains"
        }
      }
    },
    "minecraft:giant_spruce_taiga": {
      "trigger": "minecraft:location",
      "conditions": {
        "location": {
          "biome": "minecraft:giant_spruce_taiga"
        }
      }
    },
    "minecraft:giant_spruce_taiga_hills": {
      "trigger": "minecraft:location",
      "conditions": {
        "location": {
          "biome": "minecraft:giant_spruce_taiga_hills"
        }
      }
    },
    "minecraft:flower_forest": {
      "trigger": "minecraft:location",
      "conditions": {
        "location": {
          "biome": "minecraft:flower_forest"
        }
      }
    },
    "minecraft:swamp_hills": {
      "trigger": "minecraft:location",
      "conditions": {
        "location": {
          "biome": "minecraft:swamp_hills"
        }
      }
    },
    "minecraft:dark_forest_hills": {
      "trigger": "minecraft:location",
      "conditions": {
        "location": {
          "biome": "minecraft:dark_forest_hills"
        }
      }
    },
    "minecraft:sunflower_plains": {
      "trigger": "minecraft:location",
      "conditions": {
        "location": {
          "biome": "minecraft:sunflower_plains"
        }
      }
    },
    "minecraft:ice_spikes": {
      "trigger": "minecraft:location",
      "conditions": {
        "location": {
          "biome": "minecraft:ice_spikes"
        }
      }
    },
    "minecraft:tall_birch_forest": {
      "trigger": "minecraft:location",
      "conditions": {
        "location": {
          "biome": "minecraft:tall_birch_forest"
        }
      }
    },
    "minecraft:tall_birch_hills": {
      "trigger": "minecraft:location",
      "conditions": {
        "location": {
          "biome": "minecraft:tall_birch_hills"
        }
      }
    },
    "minecraft:eroded_badlands": {
      "trigger": "minecraft:location",
      "conditions": {
        "location": {
          "biome": "minecraft:eroded_badlands"
        }
      }
    },
    "minecraft:desert_lakes": {
      "trigger": "minecraft:location",
      "conditions": {
        "location": {
          "biome": "minecraft:desert_lakes"
        }
      }
    },
    "minecraft:shattered_savanna": {
      "trigger": "minecraft:location",
      "conditions": {
        "location": {
          "biome": "minecraft:shattered_savanna"
        }
      }
    },
    "minecraft:shattered_savanna_plateau": {
      "trigger": "minecraft:location",
      "conditions": {
        "location": {
          "biome": "minecraft:shattered_savanna_plateau"
        }
      }
    },
    "minecraft:modified_gravelly_mountains": {
      "trigger": "minecraft:location",
      "conditions": {
        "location": {
          "biome": "minecraft:modified_gravelly_mountains"
        }
      }
    },
    "minecraft:soul_sand_valley": {
      "trigger": "minecraft:location",
      "conditions": {
        "location": {
          "biome": "soul_sand_valley"
        }
      }
    },
    "minecraft:basalt_deltas": {
      "trigger": "minecraft:location",
      "conditions": {
        "location": {
          "biome": "minecraft:basalt_deltas"
        }
      }
    },
    "minecraft:warped_forest": {
      "trigger": "minecraft:location",
      "conditions": {
        "location": {
          "biome": "minecraft:warped_forest"
        }
      }
    },
    "minecraft:nether_wastes": {
      "trigger": "minecraft:location",
      "conditions": {
        "location": {
          "biome": "minecraft:nether_wastes"
        }
      }
    },
    "minecraft:crimson_forest": {
      "trigger": "minecraft:location",
      "conditions": {
        "location": {
          "biome": "minecraft:crimson_forest"
        }
      }
    },
    "minecraft:the_end": {
      "trigger": "minecraft:location",
      "conditions": {
        "location": {
          "biome": "minecraft:the_end"
        }
      }
    },
    "minecraft:end_barrens": {
      "trigger": "minecraft:location",
      "conditions": {
        "location": {
          "biome": "minecraft:end_barrens"
        }
      }
    },
    "minecraft:end_highlands": {
      "trigger": "minecraft:location",
      "conditions": {
        "location": {
          "biome": "minecraft:end_highlands"
        }
      }
    },
    "minecraft:end_midlands": {
      "trigger": "minecraft:location",
      "conditions": {
        "location": {
          "biome": "minecraft:end_midlands"
        }
      }
    },
    "minecraft:small_end_islands": {
      "trigger": "minecraft:location",
      "conditions": {
        "location": {
          "biome": "minecraft:small_end_islands"
        }
      }
    }
  }
}