{
  "parent": "minecraft:biome/all_structure_biome",
  "display": {
    "icon": {
      "item": "minecraft:grass_block",
      "nbt": "{Damage:0}"
    },
    "title": {
      "translate": "安全探索"
    },
    "description": {
      "translate": "到访所有苦力怕群系"
    },
    "frame": "challenge",
    "show_toast": true,
    "announce_to_chat": true,
    "hidden": false
  },
  "rewards": {
    "function": "minecraft:biome/all_creeper_biome"
  },
  "criteria": {
    "plains": {
      "trigger": "minecraft:location",
      "conditions": {
        "location": {
          "biome": "minecraft:creeper_plains"
        }
      }
    },
    "forest": {
      "trigger": "minecraft:location",
      "conditions": {
        "location": {
          "biome": "minecraft:creeper_forest"
        }
      }
    },
    "taiga": {
      "trigger": "minecraft:location",
      "conditions": {
        "location": {
          "biome": "minecraft:creeper_taiga"
        }
      }
    },
    "savanna": {
      "trigger": "minecraft:location",
      "conditions": {
        "location": {
          "biome": "minecraft:creeper_savanna"
        }
      }
    },
    "windswept_hills": {
      "trigger": "minecraft:location",
      "conditions": {
        "location": {
          "biome": "minecraft:creeper_windswept_hills"
        }
      }
    },
    "birch_forest": {
      "trigger": "minecraft:location",
      "conditions": {
        "location": {
          "biome": "minecraft:creeper_birch_forest"
        }
      }
    },
    "jungle": {
      "trigger": "minecraft:location",
      "conditions": {
        "location": {
          "biome": "minecraft:creeper_jungle"
        }
      }
    },
    "snowy_plains": {
      "trigger": "minecraft:location",
      "conditions": {
        "location": {
          "biome": "minecraft:creeper_snowy_plains"
        }
      }
    },
    "snowy_taiga": {
      "trigger": "minecraft:location",
      "conditions": {
        "location": {
          "biome": "minecraft:creeper_snowy_taiga"
        }
      }
    },
    "giant_taiga": {
      "trigger": "minecraft:location",
      "conditions": {
        "location": {
          "biome": "minecraft:creeper_old_growth_pine_taiga"
        }
      }
    },
    "giant_spruce_taiga": {
      "trigger": "minecraft:location",
      "conditions": {
        "location": {
          "biome": "minecraft:creeper_old_growth_spruce_taiga"
        }
      }
    },
    "all_structure": {
      "trigger": "minecraft:location",
      "conditions": {
        "location": {
          "biome": "minecraft:creeper_all_structure_plains"
        }
      }
    },
    "all_structure_snowy": {
      "trigger": "minecraft:location",
      "conditions": {
        "location": {
          "biome": "minecraft:creeper_all_structure_snowy_plains"
        }
      }
    }
  },
  "requirements": [
    [
      "plains"
    ],
    [
      "forest"
    ],
    [
      "taiga"
    ],
    [
      "savanna"
    ],
    [
      "windswept_hills"
    ],
    [
      "birch_forest"
    ],
    [
      "jungle"
    ],
    [
      "snowy_plains"
    ],
    [
      "snowy_taiga"
    ],
    [
      "giant_taiga"
    ],
    [
      "giant_spruce_taiga"
    ],
    [
      "all_structure"
    ],
    [
      "all_structure_snowy"
    ]
  ]
}