{
  "parent": "minecraft:biome/root",
  "display": {
    "icon": {
      "item": "minecraft:creeper_spawn_egg"
    },
    "title": {
      "translate": "危险境界"
    },
    "description": {
      "translate": "近距离观看苦力怕，然后将自动传送到新的维度"
    },
    "frame": "task",
    "show_toast": true,
    "announce_to_chat": true,
    "hidden": false
  },
  "rewards": {
    "function": "minecraft:biome/kill_by_creeper"
  },
  "criteria": {
    "killed_by_creeper": {
      "trigger": "minecraft:impossible"
      }
  },
  "requirements": [
    [
      "killed_by_creeper"
    ]
  ]
}