{
    "display": {
        "icon": {
            "item": "minecraft:mycelium"
        },
        "title": {"translate":"平淡的岛屿"},
        "description": {"translate":"发现蘑菇岛"},
		"frame": "goal",
		"hidden": "false"
    },
    "parent": "minecraft:biome/root",	
    "rewards": {
		"function": "minecraft:biome/mushroom_fields"
    },	
    "criteria": {
        "mushroom_fields": {
            "trigger": "minecraft:location",
            "conditions": {
                "biome": "minecraft:mushroom_fields"
            }
        }
    }
}