{
  "generate_features": true,
  "bonus_chest": false,
  "seed": 956463367,
  "dimensions": {
    "minecraft:overworld": {
      "type": "minecraft:overworld",
      "generator": {
        "type": "minecraft:noise",
        "seed": 956463367,
        "settings": "minecraft:overworld",
        "biome_source": {
          "type": "minecraft:multi_noise",
          "seed": 956463367,
          "altitude_noise": {
            "firstOctave": -7,
            "amplitudes": [
              1,
              1
            ]
          },
          "temperature_noise": {
            "firstOctave": -7,
            "amplitudes": [
              1,
              1
            ]
          },
          "humidity_noise": {
            "firstOctave": -7,
            "amplitudes": [
              1,
              1
            ]
          },
          "weirdness_noise": {
            "firstOctave": -7,
            "amplitudes": [
              1,
              1
            ]
          },
          "biomes": [
            {
              "biome": "minecraft:overworld/badlands",
              "parameters": {
                "altitude": 0,
                "temperature": 0,
                "humidity": 0,
                "weirdness": 0,
                "offset": 0
              }
            },
            {
              "biome": "minecraft:overworld/bamboo_jungle",
              "parameters": {
                "altitude": 0,
                "temperature": -0.15,
                "humidity": 0.12,
                "weirdness": 0,
                "offset": 0
              }
            },
            {
              "biome": "minecraft:overworld/birch_forest",
              "parameters": {
                "altitude": 0,
                "temperature": 0,
                "humidity": -0.2,
                "weirdness": 0,
                "offset": 0
              }
            },
            {
              "biome": "minecraft:overworld/cold_ocean",
              "parameters": {
                "altitude": 0.15,
                "temperature": -0.04,
                "humidity": 0.1,
                "weirdness": 0,
                "offset": 0
              }
            },
            {
              "biome": "minecraft:overworld/dark_forest",
              "parameters": {
                "altitude": -0.25,
                "temperature": 0.1,
                "humidity": 0,
                "weirdness": 0.16,
                "offset": 0
              }
            },
            {
              "biome": "minecraft:overworld/desert",
              "parameters": {
                "altitude": 0,
                "temperature": -0.25,
                "humidity": 0.3,
                "weirdness": 0.1,
                "offset": 0
              }
            },
            {
              "biome": "minecraft:overworld/eroded_badlands",
              "parameters": {
                "altitude": 0,
                "temperature": 0.115,
                "humidity": 0.25,
                "weirdness": 0,
                "offset": 0
              }
            },
            {
              "biome": "minecraft:overworld/flower_forest",
              "parameters": {
                "altitude": 0.35,
                "temperature": 0.2,
                "humidity": -0.12,
                "weirdness": 0.1,
                "offset": 0
              }
            },
            {
              "biome": "minecraft:overworld/forest",
              "parameters": {
                "altitude": 0,
                "temperature": 0,
                "humidity": 0.05,
                "weirdness": 0.2,
                "offset": 0
              }
            },
            {
              "biome": "minecraft:overworld/frozen_ocean",
              "parameters": {
                "altitude": 0.17,
                "temperature": -0.2,
                "humidity": 0.1,
                "weirdness": 0,
                "offset": 0
              }
            },
            {
              "biome": "minecraft:overworld/gravelly_mountains",
              "parameters": {
                "altitude": 0.3,
                "temperature": 0.05,
                "humidity": 0.1,
                "weirdness": -0.1,
                "offset": 0
              }
            },
            {
              "biome": "minecraft:overworld/ice_spikes",
              "parameters": {
                "altitude": 0.17,
                "temperature": 0.2,
                "humidity": -0.2,
                "weirdness": -0.08,
                "offset": 0
              }
            },
            {
              "biome": "minecraft:overworld/jungle",
              "parameters": {
                "altitude": -0.15,
                "temperature": 0.1,
                "humidity": 0.2,
                "weirdness": 0.11,
                "offset": 0
              }
            },
            {
              "biome": "minecraft:overworld/lukewarm_ocean",
              "parameters": {
                "altitude": 0.14,
                "temperature": -0.03,
                "humidity": 0.275,
                "weirdness": 0,
                "offset": 0
              }
            },
            {
              "biome": "minecraft:overworld/mushroom_fields",
              "parameters": {
                "altitude": -0.1,
                "temperature": -0.25,
                "humidity": 0.145,
                "weirdness": 0.1,
                "offset": 0
              }
            },
            {
              "biome": "minecraft:overworld/ocean",
              "parameters": {
                "altitude": 0,
                "temperature": 0,
                "humidity": 0.2,
                "weirdness": -0.125,
                "offset": 0
              }
            },
            {
              "biome": "minecraft:overworld/old_growth_birch_forest",
              "parameters": {
                "altitude": 0.4,
                "temperature": -0.3,
                "humidity": 0.15,
                "weirdness": -0.1,
                "offset": 0
              }
            },
            {
              "biome": "minecraft:overworld/old_growth_pine_taiga",
              "parameters": {
                "altitude": -0.125,
                "temperature": 0.1,
                "humidity": 0.07,
                "weirdness": -0.13,
                "offset": 0
              }
            },
            {
              "biome": "minecraft:overworld/old_growth_spruce_taiga",
              "parameters": {
                "altitude": 0.225,
                "temperature": -0.215,
                "humidity": 0.15,
                "weirdness": -0.075,
                "offset": 0
              }
            },
            {
              "biome": "minecraft:overworld/plains",
              "parameters": {
                "altitude": 0,
                "temperature": 0,
                "humidity": 0.11,
                "weirdness": 0,
                "offset": 0
              }
            },
            {
              "biome": "minecraft:overworld/savanna",
              "parameters": {
                "altitude": 0.115,
                "temperature": 0.2,
                "humidity": 0,
                "weirdness": -0.02,
                "offset": 0
              }
            },
            {
              "biome": "minecraft:overworld/snowy_plains",
              "parameters": {
                "altitude": 0.15,
                "temperature": 0.225,
                "humidity": -0.165,
                "weirdness": 0.115,
                "offset": 0
              }
            },
            {
              "biome": "minecraft:overworld/snowy_taiga",
              "parameters": {
                "altitude": 0,
                "temperature": 0.2,
                "humidity": 0,
                "weirdness": -0.3,
                "offset": 0
              }
            },
            {
              "biome": "minecraft:overworld/sparse_jungle",
              "parameters": {
                "altitude": 0.015,
                "temperature": -0.185,
                "humidity": 0,
                "weirdness": 0,
                "offset": 0
              }
            },
            {
              "biome": "minecraft:overworld/sunflower_plains",
              "parameters": {
                "altitude": 0.2,
                "temperature": -0.185,
                "humidity": -0.2,
                "weirdness": -0.1,
                "offset": 0
              }
            },
            {
              "biome": "minecraft:overworld/swamp",
              "parameters": {
                "altitude": 0.1,
                "temperature": 0.14,
                "humidity": 0.1,
                "weirdness": 0,
                "offset": 0
              }
            },
            {
              "biome": "minecraft:overworld/taiga",
              "parameters": {
                "altitude": 0,
                "temperature": 0,
                "humidity": -0.025,
                "weirdness": 0,
                "offset": 0
              }
            },
            {
              "biome": "minecraft:overworld/warm_ocean",
              "parameters": {
                "altitude": 0.145,
                "temperature": 0.165,
                "humidity": -0.105,
                "weirdness": -0.2,
                "offset": 0
              }
            },
            {
              "biome": "minecraft:overworld/windswept_forest",
              "parameters": {
                "altitude": -0.155,
                "temperature": 0.15,
                "humidity": 0.1,
                "weirdness": 0,
                "offset": 0
              }
            },
            {
              "biome": "minecraft:overworld/windswept_hills",
              "parameters": {
                "altitude": 0.115,
                "temperature": -0.035,
                "humidity": 0,
                "weirdness": 0,
                "offset": 0
              }
            },
            {
              "biome": "minecraft:overworld/windswept_savanna",
              "parameters": {
                "altitude": -0.3,
                "temperature": 0,
                "humidity": 0,
                "weirdness": 0.265,
                "offset": 0
              }
            },
            {
              "biome": "minecraft:overworld/wooded_badlands",
              "parameters": {
                "altitude": 0.1,
                "temperature": 0.25,
                "humidity": -0.145,
                "weirdness": -0.065,
                "offset": 0
              }
            }
          ]
        }
      }
    },
    "minecraft:the_nether": {
      "type": "minecraft:the_nether",
      "generator": {
        "type": "minecraft:noise",
        "seed": 956463367,
        "settings": "minecraft:nether",
        "biome_source": {
          "type": "minecraft:multi_noise",
          "seed": 956463367,
          "preset": "nether"
        }
      }
    },
    "minecraft:creeper_world": {
      "type": "minecraft:creeper_world",
      "generator": {
        "type": "minecraft:noise",
        "seed": 956463367,
        "settings": "minecraft:creeper_world",
        "biome_source": {
          "type": "minecraft:multi_noise",
          "seed": 956463367,
          "altitude_noise": {
            "firstOctave": -7,
            "amplitudes": [
              1,
              1
            ]
          },
          "temperature_noise": {
            "firstOctave": -7,
            "amplitudes": [
              1,
              1
            ]
          },
          "humidity_noise": {
            "firstOctave": -7,
            "amplitudes": [
              1,
              1
            ]
          },
          "weirdness_noise": {
            "firstOctave": -7,
            "amplitudes": [
              1,
              1
            ]
          },
          "biomes": [
            {
              "biome": "minecraft:creeper_world/plains",
              "parameters": {
                "altitude": 0.2,
                "temperature": 0.2,
                "humidity": 0,
                "weirdness": 0.3,
                "offset": 0
              }
            },
            {
              "biome": "minecraft:creeper_world/savanna",
              "parameters": {
                "altitude": 0.1,
                "temperature": 0,
                "humidity": -0.7,
                "weirdness": 0.2,
                "offset": 0
              }
            },
            {
              "biome": "minecraft:ocean",
              "parameters": {
                "altitude": 0.6,
                "temperature": 1,
                "humidity": 1,
                "weirdness": 0,
                "offset": 0
              }
            },
            {
              "biome": "minecraft:creeper_world/forest",
              "parameters": {
                "altitude": 0.1,
                "temperature": 0.4,
                "humidity": -0.3,
                "weirdness": 0.1,
                "offset": 0.1
              }
            },
            {
              "biome": "minecraft:creeper_world/snowy_plains",
              "parameters": {
                "altitude": 0.2,
                "temperature": -1,
                "humidity": -0.4,
                "weirdness": 0.1,
                "offset": 0
              }
            },
            {
              "biome": "minecraft:creeper_world/windswept_hills",
              "parameters": {
                "altitude": 0.5,
                "temperature": -1,
                "humidity": -0.5,
                "weirdness": 0.1,
                "offset": 0
              }
            },
            {
              "biome": "minecraft:creeper_world/snowy_taiga",
              "parameters": {
                "altitude": 0.5,
                "temperature": -1,
                "humidity": 0,
                "weirdness": 0,
                "offset": 0
              }
            },
            {
              "biome": "minecraft:creeper_world/taiga",
              "parameters": {
                "altitude": 0.1,
                "temperature": 0,
                "humidity": -0.5,
                "weirdness": 0,
                "offset": 0.1
              }
            },
            {
              "biome": "minecraft:creeper_world/old_growth_pine_taiga",
              "parameters": {
                "altitude": 0.4,
                "temperature": 0,
                "humidity": -0.5,
                "weirdness": 0,
                "offset": 0.1
              }
            },
            {
              "biome": "minecraft:creeper_world/old_growth_spruce_taiga",
              "parameters": {
                "altitude": 0.2,
                "temperature": -0.4,
                "humidity": -1,
                "weirdness": 0.1,
                "offset": 0.1
              }
            },
            {
              "biome": "minecraft:creeper_world/birch_forest",
              "parameters": {
                "altitude": 0.3,
                "temperature": 0.6,
                "humidity": 0.5,
                "weirdness": 0,
                "offset": 0.2
              }
            },
            {
              "biome": "minecraft:creeper_world/jungle",
              "parameters": {
                "altitude": 0.7,
                "temperature": 0.3,
                "humidity": -0.8,
                "weirdness": 0.1,
                "offset": 0
              }
            },
            {
              "biome": "minecraft:creeper_world/all_structure_plains",
              "parameters": {
                "altitude": 0,
                "temperature": 0.3,
                "humidity": 0.2,
                "weirdness": 0.1,
                "offset": 0.3
              }
            },
            {
              "biome": "minecraft:creeper_world/all_structure_snowy_plains",
              "parameters": {
                "altitude": 0.1,
                "temperature": 0.15,
                "humidity": 0.25,
                "weirdness": 0.1,
                "offset": 0.2
              }
            }
          ]
        }
      }
    },
    "minecraft:creeper_checkerboard": {
      "type": "minecraft:creeper_checkerboard",
      "generator": {
        "type": "minecraft:noise",
        "seed": 956463367,
        "settings": "minecraft:creeper_world",
        "biome_source": {
          "type": "minecraft:checkerboard",
          "scale": 2,
          "biomes": [
            "minecraft:creeper_world/plains",
            "minecraft:creeper_world/savanna",
            "minecraft:ocean",
            "minecraft:creeper_world/snowy_plains",
            "minecraft:creeper_world/snowy_taiga",
            "minecraft:creeper_world/windswept_hills",
            "minecraft:creeper_world/taiga",
            "minecraft:creeper_world/birch_forest",
            "minecraft:creeper_world/all_structure_plains",
            "minecraft:creeper_world/safe_desert",
            "minecraft:creeper_world/all_structure_snowy_plains",
            "minecraft:creeper_world/jungle",
            "minecraft:creeper_world/old_growth_pine_taiga",
            "minecraft:creeper_world/old_growth_spruce_taiga",
            "minecraft:creeper_world/forest"
          ]
        }
      }
    },
    "minecraft:end_lands": {
      "type": "minecraft:end_lands",
      "generator": {
        "type": "minecraft:noise",
        "seed": 956463367,
        "settings": "minecraft:end_lands",
        "biome_source": {
          "type": "minecraft:multi_noise",
          "seed": 956463367,
          "altitude_noise": {
            "firstOctave": -7,
            "amplitudes": [
              1,
              1
            ]
          },
          "temperature_noise": {
            "firstOctave": -7,
            "amplitudes": [
              1,
              1
            ]
          },
          "humidity_noise": {
            "firstOctave": -7,
            "amplitudes": [
              1,
              1
            ]
          },
          "weirdness_noise": {
            "firstOctave": -7,
            "amplitudes": [
              1,
              1
            ]
          },
          "biomes": [
            {
              "biome": "minecraft:the_end/end_plains",
              "parameters": {
                "altitude": 0,
                "temperature": 0,
                "humidity": 0,
                "weirdness": 0,
                "offset": 0
              }
            },
            {
              "biome": "minecraft:the_end/end_barrens",
              "parameters": {
                "altitude": 0,
                "temperature": 0.35,
                "humidity": 0,
                "weirdness": 0,
                "offset": 0
              }
            },
            {
              "biome": "minecraft:the_end/end_plateaus",
              "parameters": {
                "altitude": 0.2,
                "temperature": 0,
                "humidity": 0,
                "weirdness": 0,
                "offset": 0
              }
            },
            {
              "biome": "minecraft:the_end/end_mountains",
              "parameters": {
                "altitude": 0,
                "temperature": 0.35,
                "humidity": 0.7,
                "weirdness": 0,
                "offset": 0
              }
            }
          ]
        }
      }
    },
    "minecraft:the_end": {
      "type": "minecraft:the_end",
      "generator": {
        "type": "minecraft:noise",
        "seed": 956463367,
        "settings": "minecraft:end",
        "biome_source": {
          "type": "minecraft:fixed",
          "biome": "minecraft:the_end"
        }
      }
    }
  }
}
