{
  "parent": "minecraft:husbandry/obtain_netherite_hoe",
  "display": {
    "icon": {
      "item": "minecraft:netherite_hoe",
      "nbt": "{Damage:0}"
    },
    "title": {
      "translate": "“终极”奉献"
    },
    "description": {
      "translate": "用坏一把下界合金锄，然后重新考虑你的人生抉择"
    },
    "frame": "challenge",
    "show_toast": true,
    "announce_to_chat": true,
    "hidden": false
  },
  "rewards": {
    "experience": 125,
    "function": "minecraft:mchusbandry/brake_netherite_hoe"
  },
  "criteria": {
    "broke_hoe": {
      "trigger": "minecraft:item_durability_changed",
      "conditions": {
        "item": {
          "items": ["minecraft:netherite_hoe"]
        },
        "durability": {
          "max": 0
        }
      }
    }
  },
  "requirements": [
    [
      "broke_hoe"
    ]
  ]
}