{
    "display": {
        "icon": {
            "item": "minecraft:oak_pressure_plate"
        },
        "title": {"translate":"我是开关！"},
        "description": {"translate":"制作任意压力板"}
    },
    "parent": "minecraft:redstone/button",
	"rewards": {
		"function": "minecraft:redstone/plate"
    },
    "criteria": {
        "oak_pressure_plate": {
            "trigger": "minecraft:inventory_changed",
            "conditions": {
                "items": [
                    {
						"items": [
							"minecraft:oak_pressure_plate"
						]
                    }
                ]
            }
        },
        "spruce_pressure_plate": {
            "trigger": "minecraft:inventory_changed",
            "conditions": {
                "items": [
                    {
						"items": [
							"minecraft:spruce_pressure_plate"
						]
                    }
                ]
            }
        },
        "birch_pressure_plate": {
            "trigger": "minecraft:inventory_changed",
            "conditions": {
                "items": [
                    {
						"items": [
							"minecraft:birch_pressure_plate"
						]
                    }
                ]
            }
        },
        "jungle_pressure_plate": {
            "trigger": "minecraft:inventory_changed",
            "conditions": {
                "items": [
                    {
						"items": [
							"minecraft:jungle_pressure_plate"
						]
                    }
                ]
            }
        },
        "acacia_pressure_plate": {
            "trigger": "minecraft:inventory_changed",
            "conditions": {
                "items": [
                    {
						"items": [
							"minecraft:acacia_pressure_plate"
						]
                    }
                ]
            }
        },
        "dark_oak_pressure_plate": {
            "trigger": "minecraft:inventory_changed",
            "conditions": {
                "items": [
                    {
						"items": [
							"minecraft:dark_oak_pressure_plate"
						]
                    }
                ]
            }
        },		
        "stone_pressure_plate": {
            "trigger": "minecraft:inventory_changed",
            "conditions": {
                "items": [
                    {
						"items": [
							"minecraft:stone_pressure_plate"
						]
                    }
                ]
            }
        },		
        "light_weighted_pressure_plate": {
            "trigger": "minecraft:inventory_changed",
            "conditions": {
                "items": [
                    {
						"items": [
							"minecraft:light_weighted_pressure_plate"
						]
                    }
                ]
            }
        },		
        "heavy_weighted_pressure_plate": {
            "trigger": "minecraft:inventory_changed",
            "conditions": {
                "items": [
                    {
						"items": [
							"minecraft:heavy_weighted_pressure_plate"
						]
                    }
                ]
            }
        },
        "crimson_pressure_plate": {
            "trigger": "minecraft:inventory_changed",
            "conditions": {
                "items": [
                    {
						"items": [
							"minecraft:crimson_pressure_plate"
						]
                    }
                ]
            }
        },
        "warped_pressure_plate": {
            "trigger": "minecraft:inventory_changed",
            "conditions": {
                "items": [
                    {
						"items": [
							"minecraft:warped_pressure_plate"
						]
                    }
                ]
            }
        },
        "polished_blackstone_pressure_plate": {
            "trigger": "minecraft:inventory_changed",
            "conditions": {
                "items": [
                    {
						"items": [
							"minecraft:polished_blackstone_pressure_plate"
						]
                    }
                ]
            }
        }
    },
    "requirements": [
		[
        "oak_pressure_plate",
		"spruce_pressure_plate",
		"birch_pressure_plate",
		"jungle_pressure_plate",
		"acacia_pressure_plate",
		"dark_oak_pressure_plate",
		"crimson_pressure_plate",
		"warped_pressure_plate",
        "stone_pressure_plate",
        "light_weighted_pressure_plate",
        "heavy_weighted_pressure_plate",
        "polished_blackstone_pressure_plate"
		]
    ]	
}