{
    "display": {
        "icon": {
            "item": "minecraft:trapped_chest"
        },
        "title": {"translate":"Surprise!"},
        "description": {"translate":"让你最好的朋友打开看看！"}
    },
    "parent": "minecraft:redstone/lever",
	"rewards": {
		"experience": 10
    },
    "criteria": {
        "trapped_chest": {
            "trigger": "minecraft:inventory_changed",
            "conditions": {
                "items": [
                    {
						"items": [
							"minecraft:trapped_chest"
						]
                    }
                ]
            }
        }
    }
}