{
    "display": {
        "icon": {
            "item": "minecraft:grass"
        },
        "title": {"translate":"生物群系探索"},
        "description": {"translate":"完成所有生物群系成就"},
		"frame": "challenge"
    },
    "parent": "minecraft:advcollect/root",
	"rewards": {
		"experience": 7620
    },		
    "criteria": {
        "adventuring_time_2": {
            "trigger": "minecraft:location",
			"conditions": {
				"player":  {
					"player": {
						"advancements": {
							"minecraft:biome_new/adventuring_time_2": "true"
						}
					}
				}
			}
        },
		"boat": {
            "trigger": "minecraft:location",
			"conditions": {
				"player":  {
					"player": {
						"advancements": {
							"minecraft:biome_new/boat": "true"
						}
					}
				}
			}
        },
		"bottom": {
            "trigger": "minecraft:location",
			"conditions": {
				"player":  {
					"player": {
						"advancements": {
							"minecraft:biome_new/bottom_of_the_world": "true"
						}
					}
				}
			}
        },
		"edge": {
            "trigger": "minecraft:location",
			"conditions": {
				"player":  {
					"player": {
						"advancements": {
							"minecraft:biome_new/edge_of_the_world": "true"
						}
					}
				}
			}
        },
		"mushroom": {
            "trigger": "minecraft:location",
			"conditions": {
				"player":  {
					"player": {
						"advancements": {
							"minecraft:biome_new/mushroom_fields": "true"
						}
					}
				}
			}
        },
		"biome_root": {
            "trigger": "minecraft:location",
			"conditions": {
				"player":  {
					"player": {
						"advancements": {
							"minecraft:biome_new/root": "true"
						}
					}
				}
			}
        },
		"warm_ocean": {
            "trigger": "minecraft:location",
			"conditions": {
				"player":  {
					"player": {
						"advancements": {
							"minecraft:biome_new/warm_ocean": "true"
						}
					}
				}
			}
        },
		"world_center": {
            "trigger": "minecraft:location",
			"conditions": {
				"player":  {
					"player": {
						"advancements": {
							"minecraft:biome_new/world_center": "true"
						}
					}
				}
			}
        },
		"world_top": {
            "trigger": "minecraft:location",
			"conditions": {
				"player":  {
					"player": {
						"advancements": {
							"minecraft:biome_new/world_top": "true"
						}
					}
				}
			}
        },
		"wrong_world": {
            "trigger": "minecraft:location",
			"conditions": {
				"player":  {
					"player": {
						"advancements": {
							"minecraft:biome_new/wrong_world": "true"
						}
					}
				}
			}
        }
    }
}