{
  "parent": "minecraft:nether/find_fortress",
  "display": {
    "icon": {
      "item": "minecraft:wither_skeleton_skull"
    },
    "title": {
      "translate": "advancements.nether.get_wither_skull.title"
    },
    "description": {
      "translate": "advancements.nether.get_wither_skull.description"
    },
    "frame": "task",
    "show_toast": true,
    "announce_to_chat": true,
    "hidden": false
  },
  "rewards": {
    "function": "minecraft:mcnether/get_wither_skull"
  },
  "criteria": {
    "wither_skull": {
      "trigger": "minecraft:inventory_changed",
      "conditions": {
        "items": [
          {
            "items": [
              "minecraft:wither_skeleton_skull"
            ]
          }
        ]
      }
    }
  },
  "requirements": [
    [
      "wither_skull"
    ]
  ]
}