{
  "parent": "minecraft:end/root",
  "rewards": {
    "function": "minecraft:kill_dragon_music"
  },
  "criteria": {
    "killed_dragon": {
      "trigger": "minecraft:player_killed_entity",
      "conditions": {
        "entity": [
          {
            "condition": "minecraft:entity_properties",
            "predicate": {
              "type": "minecraft:ender_dragon"
            },
            "entity": "this"
          }
        ]
      }
    }
  },
  "requirements": [
    [
      "killed_dragon"
    ]
  ]
}