{
  "parent": "minecraft:redstone/minecart",
  "display": {
    "icon": {
      "item": "minecraft:chest_minecart",
      "nbt": "{Damage:0}"
    },
    "title": {
      "translate": "带上你的东西"
    },
    "description": {
      "translate": "在去旅行或探险的时候，不要忘了你的贵重物品"
    },
    "frame": "task",
    "show_toast": true,
    "announce_to_chat": true,
    "hidden": false
  },
  "rewards": {
    "function": "minecraft:redstone/chest_minecart"
  },
  "criteria": {
    "minecart": {
      "trigger": "minecraft:inventory_changed",
      "conditions": {
        "items": [
          {
            "items": [
              "minecraft:chest_minecart"
            ]
          }
        ]
      }
    }
  },
  "requirements": [
    [
      "minecart"
    ]
  ]
}