{
  "parent": "minecraft:redstone/lever",
  "display": {
    "icon": {
      "item": "minecraft:oak_door",
      "nbt": "{Damage:0}"
    },
    "title": {
      "translate": "FBI,Open the door!"
    },
    "description": {
      "translate": "用木门来装修你的房间"
    },
    "frame": "task",
    "show_toast": true,
    "announce_to_chat": true,
    "hidden": false
  },
  "rewards": {
    "function": "minecraft:redstone/door"
  },
  "criteria": {
    "door": {
      "trigger": "minecraft:inventory_changed",
      "conditions": {
        "items": [
          {
            "tag": "minecraft:wooden_doors"
          }
        ]
      }
    }
  },
  "requirements": [
    [
      "door"
    ]
  ]
}