{
  "parent": "minecraft:redstone/minecart",
  "display": {
    "icon": {
      "item": "minecraft:furnace_minecart",
      "nbt": "{Damage:0}"
    },
    "title": {
      "translate": "没有动力，就用煤炭发电！"
    },
    "description": {
      "translate": "制作动力矿车，比动力铁轨是盈利还是亏损？"
    },
    "frame": "task",
    "show_toast": true,
    "announce_to_chat": true,
    "hidden": false
  },
  "rewards": {
    "function": "minecraft:redstone/furnace_minecart"
  },
  "criteria": {
    "minecart": {
      "trigger": "minecraft:inventory_changed",
      "conditions": {
        "items": [
          {
            "items": [
              "minecraft:furnace_minecart"
            ]
          }
        ]
      }
    }
  },
  "requirements": [
    [
      "minecart"
    ]
  ]
}