{
  "parent": "minecraft:redstone/door",
  "display": {
    "icon": {
      "item": "minecraft:iron_door",
      "nbt": "{Damage:0}"
    },
    "title": {
      "translate": "更安全的门"
    },
    "description": {
      "translate": "用铁门以阻挡怪物破坏"
    },
    "frame": "goal",
    "show_toast": true,
    "announce_to_chat": true,
    "hidden": false
  },
  "rewards": {
    "function": "minecraft:redstone/iron_door"
  },
  "criteria": {
    "iron_door": {
      "trigger": "minecraft:inventory_changed",
      "conditions": {
        "items": [
          {
            "items": [
              "minecraft:iron_door"
            ]
          }
        ]
      }
    }
  },
  "requirements": [
    [
      "iron_door"
    ]
  ]
}