{
  "parent": "minecraft:redstone/lever",
  "display": {
    "icon": {
      "item": "minecraft:redstone_torch",
      "nbt": "{Damage:0}"
    },
    "title": {
      "translate": "这就是一只火把"
    },
    "description": {
      "translate": "太暗了，还是用煤做的火炬吧"
    },
    "frame": "task",
    "show_toast": true,
    "announce_to_chat": true,
    "hidden": false
  },
  "rewards": {
    "function": "minecraft:redstone/redstone_torch"
  },
  "criteria": {
    "redstone_torch": {
      "trigger": "minecraft:inventory_changed",
      "conditions": {
        "items": [
          {
            "items": [
              "minecraft:redstone_torch"
            ]
          }
        ]
      }
    }
  },
  "requirements": [
    [
      "redstone_torch"
    ]
  ]
}