{
    "display": {
        "icon": {
            "item": "minecraft:repeater"
        },
        "title": {"translate":"由弱变强！"},
        "description": {"translate":"制造红石中继器"}
    },
    "parent": "minecraft:redstone/redstone_torch",
	"rewards": {
		"function": "minecraft:redstone/repeater"
    },
    "criteria": {
        "repeater": {
            "trigger": "minecraft:inventory_changed",
            "conditions": {
                "items": [
                    {
						"items": [
							"minecraft:repeater"
						]
                    }
                ]
            }
        }
    }
}