{
  "parent": "minecraft:redstone/lever",
  "display": {
    "icon": {
      "item": "minecraft:tnt",
      "nbt": "{Damage:0}"
    },
    "title": {
      "translate": "熊孩子的玩具"
    },
    "description": {
      "translate": "离建筑物远一点！"
    },
    "frame": "task",
    "show_toast": true,
    "announce_to_chat": true,
    "hidden": false
  },
  "rewards": {
    "function": "minecraft:redstone/tnt"
  },
  "criteria": {
    "tnt": {
      "trigger": "minecraft:inventory_changed",
      "conditions": {
        "items": [
          {
            "items": [
              "minecraft:tnt"
            ]
          }
        ]
      }
    }
  },
  "requirements": [
    [
      "tnt"
    ]
  ]
}