{
    "display": {
        "icon": {
            "item": "minecraft:netherrack"
        },
        "title": {"translate":"下界"},
        "description": {"translate":"完成所有下界成就"},
		"frame": "challenge"
    },
    "parent": "minecraft:advcollect/root",
	"rewards": {
		"function": "minecraft:advcollect/all_adv_nether",
		"experience": 11000
    },		
    "criteria": {
        "effect": {
            "trigger": "minecraft:location",
			"conditions": {
				"player":  {
					"player": {
						"advancements": {
							"minecraft:nether/all_effects": "true"
						}
					}
				}
			}
        },
        "effect_two": {
            "trigger": "minecraft:location",
			"conditions": {
				"player":  {
					"player": {
						"advancements": {
							"minecraft:nether/all_potions": "true"
						}
					}
				}
			}
        },
		"potion": {
            "trigger": "minecraft:location",
			"conditions": {
				"player":  {
					"player": {
						"advancements": {
							"minecraft:nether/brew_potion": "true"
						}
					}
				}
			}
        },
		"respawn": {
            "trigger": "minecraft:location",
			"conditions": {
				"player":  {
					"player": {
						"advancements": {
							"minecraft:nether/charge_respawn_anchor": "true"
						}
					}
				}
			}
        },
		"beacon": {
            "trigger": "minecraft:location",
			"conditions": {
				"player":  {
					"player": {
						"advancements": {
							"minecraft:nether/create_beacon": "true"
						}
					}
				}
			}
        },
		"beacon_full": {
            "trigger": "minecraft:location",
			"conditions": {
				"player":  {
					"player": {
						"advancements": {
							"minecraft:nether/create_full_beacon": "true"
						}
					}
				}
			}
        },
		"piglin": {
            "trigger": "minecraft:location",
			"conditions": {
				"player":  {
					"player": {
						"advancements": {
							"minecraft:nether/distract_piglin": "true"
						}
					}
				}
			}
        },
		"nether": {
            "trigger": "minecraft:location",
			"conditions": {
				"player":  {
					"player": {
						"advancements": {
							"minecraft:nether/explore_nether": "true"
						}
					}
				}
			}
        },
		"travel": {
            "trigger": "minecraft:location",
			"conditions": {
				"player":  {
					"player": {
						"advancements": {
							"minecraft:nether/fast_travel": "true"
						}
					}
				}
			}
        },
		"bastion": {
            "trigger": "minecraft:location",
			"conditions": {
				"player":  {
					"player": {
						"advancements": {
							"minecraft:nether/find_bastion": "true"
						}
					}
				}
			}
        },
		"fortress": {
            "trigger": "minecraft:location",
			"conditions": {
				"player":  {
					"player": {
						"advancements": {
							"minecraft:nether/find_fortress": "true"
						}
					}
				}
			}
        },
		"wither_skull": {
            "trigger": "minecraft:location",
			"conditions": {
				"player":  {
					"player": {
						"advancements": {
							"minecraft:nether/get_wither_skull": "true"
						}
					}
				}
			}
        },
		"kill_wither": {
            "trigger": "minecraft:location",
			"conditions": {
				"player":  {
					"player": {
						"advancements": {
							"minecraft:nether/kill_wither": "true"
						}
					}
				}
			}
        },
		"chest": {
            "trigger": "minecraft:location",
			"conditions": {
				"player":  {
					"player": {
						"advancements": {
							"minecraft:nether/loot_bastion": "true"
						}
					}
				}
			}
        },
		"nether_top": {
            "trigger": "minecraft:location",
			"conditions": {
				"player":  {
					"player": {
						"advancements": {
							"minecraft:nether/nether_top": "true"
						}
					}
				}
			}
        },
		"netherite_armor": {
            "trigger": "minecraft:location",
			"conditions": {
				"player":  {
					"player": {
						"advancements": {
							"minecraft:nether/netherite_armor": "true"
						}
					}
				}
			}
        },
		"debris": {
            "trigger": "minecraft:location",
			"conditions": {
				"player":  {
					"player": {
						"advancements": {
							"minecraft:nether/obtain_ancient_debris": "true"
						}
					}
				}
			}
        },
		"blaze": {
            "trigger": "minecraft:location",
			"conditions": {
				"player":  {
					"player": {
						"advancements": {
							"minecraft:nether/obtain_blaze_rod": "true"
						}
					}
				}
			}
        },
		"cry_obsidian": {
            "trigger": "minecraft:location",
			"conditions": {
				"player":  {
					"player": {
						"advancements": {
							"minecraft:nether/obtain_crying_obsidian": "true"
						}
					}
				}
			}
        },
		"ghast_fire": {
            "trigger": "minecraft:location",
			"conditions": {
				"player":  {
					"player": {
						"advancements": {
							"minecraft:nether/return_to_sender": "true"
						}
					}
				}
			}
        },
		"strider": {
            "trigger": "minecraft:location",
			"conditions": {
				"player":  {
					"player": {
						"advancements": {
							"minecraft:nether/ride_strider": "true"
						}
					}
				}
			}
        },
		"swim_lava": {
            "trigger": "minecraft:location",
			"conditions": {
				"player":  {
					"player": {
						"advancements": {
							"minecraft:nether/swim_in_lava": "true"
						}
					}
				}
			}
        },
		"potion_arrow": {
            "trigger": "minecraft:location",
			"conditions": {
				"player":  {
					"player": {
						"advancements": {
							"minecraft:nether/tipped_arrow": "true"
						}
					}
				}
			}
        },
		"summon_wither": {
            "trigger": "minecraft:location",
			"conditions": {
				"player":  {
					"player": {
						"advancements": {
							"minecraft:nether/summon_wither": "true"
						}
					}
				}
			}
        },
		"ghast_overworld": {
            "trigger": "minecraft:location",
			"conditions": {
				"player":  {
					"player": {
						"advancements": {
							"minecraft:nether/uneasy_alliance": "true"
						}
					}
				}
			}
        },
		"lodestone": {
            "trigger": "minecraft:location",
			"conditions": {
				"player":  {
					"player": {
						"advancements": {
							"minecraft:nether/use_lodestone": "true"
						}
					}
				}
			}
        },
		"nether_root": {
            "trigger": "minecraft:location",
			"conditions": {
				"player":  {
					"player": {
						"advancements": {
							"minecraft:nether/root": "true"
						}
					}
				}
			}
        }
    }
}