{
    "display": {
        "icon": {
            "item": "minecraft:spyglass"
        },
        "title": {"translate":"望远镜"},
        "description": {"translate":"完成所有望远镜成就"},
		"frame": "challenge"
    },
    "parent": "minecraft:advcollect/root",
	"rewards": {
		"experience": 250
    },		
    "criteria": {
        "lava_bucket_spyglass": {
            "trigger": "minecraft:location",
			"conditions": {
				"player":  {
					"player": {
						"advancements": {
							"minecraft:spyglass/lava_bucket_spyglass": "true"
						}
					}
				}
			}
        },
        "spyglass_root": {
            "trigger": "minecraft:location",
			"conditions": {
				"player":  {
					"player": {
						"advancements": {
							"minecraft:spyglass/root": "true"
						}
					}
				}
			}
        },
		"spyglass_at_bat": {
            "trigger": "minecraft:location",
			"conditions": {
				"player":  {
					"player": {
						"advancements": {
							"minecraft:spyglass/spyglass_at_bat": "true"
						}
					}
				}
			}
        },
		"spyglass_at_bee": {
            "trigger": "minecraft:location",
			"conditions": {
				"player":  {
					"player": {
						"advancements": {
							"minecraft:spyglass/spyglass_at_bee": "true"
						}
					}
				}
			}
        },
		"spyglass_at_boat": {
            "trigger": "minecraft:location",
			"conditions": {
				"player":  {
					"player": {
						"advancements": {
							"minecraft:spyglass/spyglass_at_boat": "true"
						}
					}
				}
			}
        },
		"spyglass_at_chicken": {
            "trigger": "minecraft:location",
			"conditions": {
				"player":  {
					"player": {
						"advancements": {
							"minecraft:spyglass/spyglass_at_chicken": "true"
						}
					}
				}
			}
        },
		"spyglass_at_cow": {
            "trigger": "minecraft:location",
			"conditions": {
				"player":  {
					"player": {
						"advancements": {
							"minecraft:spyglass/spyglass_at_cow": "true"
						}
					}
				}
			}
        },
		"spyglass_at_creeper": {
            "trigger": "minecraft:location",
			"conditions": {
				"player":  {
					"player": {
						"advancements": {
							"minecraft:spyglass/spyglass_at_creeper": "true"
						}
					}
				}
			}
        },
		"spyglass_at_enderman": {
            "trigger": "minecraft:location",
			"conditions": {
				"player":  {
					"player": {
						"advancements": {
							"minecraft:spyglass/spyglass_at_enderman": "true"
						}
					}
				}
			}
        },
		"spyglass_at_ender_pearl": {
            "trigger": "minecraft:location",
			"conditions": {
				"player":  {
					"player": {
						"advancements": {
							"minecraft:spyglass/spyglass_at_ender_pearl": "true"
						}
					}
				}
			}
        },
		"spyglass_at_goat": {
            "trigger": "minecraft:location",
			"conditions": {
				"player":  {
					"player": {
						"advancements": {
							"minecraft:spyglass/spyglass_at_goat": "true"
						}
					}
				}
			}
        },
		"spyglass_at_horse": {
            "trigger": "minecraft:location",
			"conditions": {
				"player":  {
					"player": {
						"advancements": {
							"minecraft:spyglass/spyglass_at_horse": "true"
						}
					}
				}
			}
        },
		"spyglass_at_minecart": {
            "trigger": "minecraft:location",
			"conditions": {
				"player":  {
					"player": {
						"advancements": {
							"minecraft:spyglass/spyglass_at_minecart": "true"
						}
					}
				}
			}
        },
		"spyglass_at_minecart_chest": {
            "trigger": "minecraft:location",
			"conditions": {
				"player":  {
					"player": {
						"advancements": {
							"minecraft:spyglass/spyglass_at_minecart_chest": "true"
						}
					}
				}
			}
        },
		"spyglass_at_panda": {
            "trigger": "minecraft:location",
			"conditions": {
				"player":  {
					"player": {
						"advancements": {
							"minecraft:spyglass/spyglass_at_panda": "true"
						}
					}
				}
			}
        },
		"spyglass_at_pig": {
            "trigger": "minecraft:location",
			"conditions": {
				"player":  {
					"player": {
						"advancements": {
							"minecraft:spyglass/spyglass_at_pig": "true"
						}
					}
				}
			}
        },
		"spyglass_at_piglin": {
            "trigger": "minecraft:location",
			"conditions": {
				"player":  {
					"player": {
						"advancements": {
							"minecraft:spyglass/spyglass_at_piglin": "true"
						}
					}
				}
			}
        },
		"spyglass_at_piglin_brute": {
            "trigger": "minecraft:location",
			"conditions": {
				"player":  {
					"player": {
						"advancements": {
							"minecraft:spyglass/spyglass_at_piglin_brute": "true"
						}
					}
				}
			}
        },
		"spyglass_at_pillager": {
            "trigger": "minecraft:location",
			"conditions": {
				"player":  {
					"player": {
						"advancements": {
							"minecraft:spyglass/spyglass_at_pillager": "true"
						}
					}
				}
			}
        },
		"spyglass_at_sheep": {
            "trigger": "minecraft:location",
			"conditions": {
				"player":  {
					"player": {
						"advancements": {
							"minecraft:spyglass/spyglass_at_sheep": "true"
						}
					}
				}
			}
        },
		"spyglass_at_skeleton": {
            "trigger": "minecraft:location",
			"conditions": {
				"player":  {
					"player": {
						"advancements": {
							"minecraft:spyglass/spyglass_at_skeleton": "true"
						}
					}
				}
			}
        },
		"spyglass_at_snowball": {
            "trigger": "minecraft:location",
			"conditions": {
				"player":  {
					"player": {
						"advancements": {
							"minecraft:spyglass/spyglass_at_snowball": "true"
						}
					}
				}
			}
        },
		"spyglass_at_villager": {
            "trigger": "minecraft:location",
			"conditions": {
				"player":  {
					"player": {
						"advancements": {
							"minecraft:spyglass/spyglass_at_villager": "true"
						}
					}
				}
			}
        },
		"spyglass_at_wither": {
            "trigger": "minecraft:location",
			"conditions": {
				"player":  {
					"player": {
						"advancements": {
							"minecraft:spyglass/spyglass_at_wither": "true"
						}
					}
				}
			}
        },
		"spyglass_at_wither_skeleton": {
            "trigger": "minecraft:location",
			"conditions": {
				"player":  {
					"player": {
						"advancements": {
							"minecraft:spyglass/spyglass_at_wither_skeleton": "true"
						}
					}
				}
			}
        },
		"spyglass_at_wolf": {
            "trigger": "minecraft:location",
			"conditions": {
				"player":  {
					"player": {
						"advancements": {
							"minecraft:spyglass/spyglass_at_wolf": "true"
						}
					}
				}
			}
        },
		"spyglass_at_zombie": {
            "trigger": "minecraft:location",
			"conditions": {
				"player":  {
					"player": {
						"advancements": {
							"minecraft:spyglass/spyglass_at_zombie": "true"
						}
					}
				}
			}
        },
		"water_bucket_spyglass": {
            "trigger": "minecraft:location",
			"conditions": {
				"player":  {
					"player": {
						"advancements": {
							"minecraft:spyglass/water_bucket_spyglass": "true"
						}
					}
				}
			}
        }
    }
}