{
  "parent": "minecraft:husbandry/bread",
  "display": {
    "icon": {
      "item": "minecraft:cake"
    },
    "title": {
      "translate": "蛋糕是个谎言"
    },
    "description": {
      "translate": "小麦、糖、牛奶和鸡蛋！"
    },
    "frame": "task",
    "show_toast": true,
    "announce_to_chat": true,
    "hidden": false
  },
  "rewards": {
    "function": "minecraft:mchusbandry/cake"
  },
  "criteria": {
    "cake": {
      "trigger": "minecraft:inventory_changed",
      "conditions": {
        "items": [
          {
            "items": [
              "minecraft:cake"
            ]
          }
        ]
      }
    }
  }
}