{
  "parent": "minecraft:fight/obtain_leather",
  "display": {
    "icon": {
      "item": "minecraft:leather_chestplate",
      "nbt": "{Damage:0}"
    },
    "title": {
      "translate": "皮革套装齐全！"
    },
    "description": {
      "translate": "制作所有皮革防护套装"
    },
    "frame": "goal",
    "show_toast": true,
    "announce_to_chat": true,
    "hidden": false
  },
  "rewards": {
    "function": "minecraft:fight/leather_armor"
  },
  "criteria": {
    "leather_helmet": {
      "trigger": "minecraft:inventory_changed",
      "conditions": {
        "items": [
          {
            "items": [
              "minecraft:leather_helmet"
            ]
          }
        ]
      }
    },
    "leather_chestplate": {
      "trigger": "minecraft:inventory_changed",
      "conditions": {
        "items": [
          {
            "items": [
              "minecraft:leather_chestplate"
            ]
          }
        ]
      }
    },
    "leather_leggings": {
      "trigger": "minecraft:inventory_changed",
      "conditions": {
        "items": [
          {
            "items": [
              "minecraft:leather_leggings"
            ]
          }
        ]
      }
    },
    "leather_boots": {
      "trigger": "minecraft:inventory_changed",
      "conditions": {
        "items": [
          {
            "items": [
              "minecraft:leather_boots"
            ]
          }
        ]
      }
    }
  }
}