{
  "parent": "minecraft:adventure/root",
  "display": {
    "icon": {
      "item": "minecraft:red_bed"
    },
    "title": {
      "translate": "advancements.adventure.sleep_in_bed.title"
    },
    "description": {
      "translate": "advancements.adventure.sleep_in_bed.description"
    },
    "frame": "task",
    "show_toast": true,
    "announce_to_chat": true,
    "hidden": false
  },
  "rewards": {
    "experience": 3
  },
  "criteria": {
    "slept_in_bed": {
      "trigger": "minecraft:slept_in_bed",
      "conditions": {}
    }
  },
  "requirements": [
    [
      "slept_in_bed"
    ]
  ]
}