{
    "display": {
        "icon": {
            "item": "minecraft:map"
        },
        "title": {"translate":"冒险"},
        "description": {"translate":"完成所有冒险成就"},
		"frame": "challenge"
    },
    "parent": "minecraft:advcollect/root",
	"rewards": {
		"experience": 41000
    },		
    "criteria": {
        "all_biomes": {
            "trigger": "minecraft:location",
			"conditions": {
				"player":  {
					"player": {
						"advancements": {
							"minecraft:adventure/adventuring_time": "true"
						}
					}
				}
			}
        },
        "all_chests": {
            "trigger": "minecraft:location",
			"conditions": {
				"player":  {
					"player": {
						"advancements": {
							"minecraft:adventure/all_chests": "true"
						}
					}
				}
			}
        },
        "arvalistic": {
            "trigger": "minecraft:location",
			"conditions": {
				"player":  {
					"player": {
						"advancements": {
							"minecraft:adventure/arbalistic": "true"
						}
					}
				}
			}
        },
		"bullseye": {
            "trigger": "minecraft:location",
			"conditions": {
				"player":  {
					"player": {
						"advancements": {
							"minecraft:adventure/bullseye": "true"
						}
					}
				}
			}
        },
		"buried_treasure": {
            "trigger": "minecraft:location",
			"conditions": {
				"player":  {
					"player": {
						"advancements": {
							"minecraft:adventure/buried_treasure": "true"
						}
					}
				}
			}
        },
		"village": {
            "trigger": "minecraft:location",
			"conditions": {
				"player":  {
					"player": {
						"advancements": {
							"minecraft:adventure/find_village": "true"
						}
					}
				}
			}
        },
		"structures": {
            "trigger": "minecraft:location",
			"conditions": {
				"player":  {
					"player": {
						"advancements": {
							"minecraft:adventure/find_all_structure": "true"
						}
					}
				}
			}
        },
		"a_structure": {
            "trigger": "minecraft:location",
			"conditions": {
				"player":  {
					"player": {
						"advancements": {
							"minecraft:adventure/find_a_structure": "true"
						}
					}
				}
			}
        },
		"full_inventory": {
            "trigger": "minecraft:location",
			"conditions": {
				"player":  {
					"player": {
						"advancements": {
							"minecraft:adventure/full_inventory": "true"
						}
					}
				}
			}
        },
		"get_chest": {
            "trigger": "minecraft:location",
			"conditions": {
				"player":  {
					"player": {
						"advancements": {
							"minecraft:adventure/get_chest": "true"
						}
					}
				}
			}
        },
		"give_diamond": {
            "trigger": "minecraft:location",
			"conditions": {
				"player":  {
					"player": {
						"advancements": {
							"minecraft:adventure/give_diamond": "true"
						}
					}
				}
			}
        },
		"village_hero": {
            "trigger": "minecraft:location",
			"conditions": {
				"player":  {
					"player": {
						"advancements": {
							"minecraft:adventure/hero_of_the_village": "true"
						}
					}
				}
			}
        },
		"slide": {
            "trigger": "minecraft:location",
			"conditions": {
				"player":  {
					"player": {
						"advancements": {
							"minecraft:adventure/honey_block_slide": "true"
						}
					}
				}
			}
        },
		"all_mobs": {
            "trigger": "minecraft:location",
			"conditions": {
				"player":  {
					"player": {
						"advancements": {
							"minecraft:adventure/kill_all_mobs": "true"
						}
					}
				}
			}
        },
		"monster": {
            "trigger": "minecraft:location",
			"conditions": {
				"player":  {
					"player": {
						"advancements": {
							"minecraft:adventure/kill_a_mob": "true"
						}
					}
				}
			}
        },
		"kill_iron_golem": {
            "trigger": "minecraft:location",
			"conditions": {
				"player":  {
					"player": {
						"advancements": {
							"minecraft:adventure/kill_iron_golem": "true"
						}
					}
				}
			}
        },
		"villager": {
            "trigger": "minecraft:location",
			"conditions": {
				"player":  {
					"player": {
						"advancements": {
							"minecraft:adventure/kill_villager": "true"
						}
					}
				}
			}
        },
		"lightning": {
            "trigger": "minecraft:location",
			"conditions": {
				"player":  {
					"player": {
						"advancements": {
							"minecraft:adventure/lightning_rod_with_villager_no_fire": "true"
						}
					}
				}
			}
        },
		"loot_village": {
            "trigger": "minecraft:location",
			"conditions": {
				"player":  {
					"player": {
						"advancements": {
							"minecraft:adventure/loot_village": "true"
						}
					}
				}
			}
        },
		"ol_betsy": {
            "trigger": "minecraft:location",
			"conditions": {
				"player":  {
					"player": {
						"advancements": {
							"minecraft:adventure/ol_betsy": "true"
						}
					}
				}
			}
        },
		"adventure_root": {
            "trigger": "minecraft:location",
			"conditions": {
				"player":  {
					"player": {
						"advancements": {
							"minecraft:adventure/root": "true"
						}
					}
				}
			}
        },
		"arrow": {
            "trigger": "minecraft:location",
			"conditions": {
				"player":  {
					"player": {
						"advancements": {
							"minecraft:adventure/shoot_arrow": "true"
						}
					}
				}
			}
        },
		"sleep": {
            "trigger": "minecraft:location",
			"conditions": {
				"player":  {
					"player": {
						"advancements": {
							"minecraft:adventure/sleep_in_bed": "true"
						}
					}
				}
			}
        },
		"sniper_duel": {
            "trigger": "minecraft:location",
			"conditions": {
				"player":  {
					"player": {
						"advancements": {
							"minecraft:adventure/sniper_duel": "true"
						}
					}
				}
			}
        },
		"spyglass_dragon": {
            "trigger": "minecraft:location",
			"conditions": {
				"player":  {
					"player": {
						"advancements": {
							"minecraft:adventure/spyglass_at_dragon": "true"
						}
					}
				}
			}
        },
		"spyglass_ghast": {
            "trigger": "minecraft:location",
			"conditions": {
				"player":  {
					"player": {
						"advancements": {
							"minecraft:adventure/spyglass_at_ghast": "true"
						}
					}
				}
			}
        },
		"spyglass_parrot": {
            "trigger": "minecraft:location",
			"conditions": {
				"player":  {
					"player": {
						"advancements": {
							"minecraft:adventure/spyglass_at_parrot": "true"
						}
					}
				}
			}
        },
		"struck_lightning": {
            "trigger": "minecraft:location",
			"conditions": {
				"player":  {
					"player": {
						"advancements": {
							"minecraft:adventure/summon_iron_golem": "true"
						}
					}
				}
			}
        },
		"summon_iron": {
            "trigger": "minecraft:location",
			"conditions": {
				"player":  {
					"player": {
						"advancements": {
							"minecraft:adventure/summon_iron_golem": "true"
						}
					}
				}
			}
        },
		"target": {
            "trigger": "minecraft:location",
			"conditions": {
				"player":  {
					"player": {
						"advancements": {
							"minecraft:adventure/target": "true"
						}
					}
				}
			}
        },
		"trident": {
            "trigger": "minecraft:location",
			"conditions": {
				"player":  {
					"player": {
						"advancements": {
							"minecraft:adventure/throw_trident": "true"
						}
					}
				}
			}
        },
		"totem": {
            "trigger": "minecraft:location",
			"conditions": {
				"player":  {
					"player": {
						"advancements": {
							"minecraft:adventure/totem_of_undying": "true"
						}
					}
				}
			}
        },
		"trade": {
            "trigger": "minecraft:location",
			"conditions": {
				"player":  {
					"player": {
						"advancements": {
							"minecraft:adventure/trade": "true"
						}
					}
				}
			}
        },
		"trade_height": {
            "trigger": "minecraft:location",
			"conditions": {
				"player":  {
					"player": {
						"advancements": {
							"minecraft:adventure/trade_at_world_height": "true"
						}
					}
				}
			}
        },
		"trade_end": {
            "trigger": "minecraft:location",
			"conditions": {
				"player":  {
					"player": {
						"advancements": {
							"minecraft:adventure/trade_in_end": "true"
						}
					}
				}
			}
        },
		"trigged_raid": {
            "trigger": "minecraft:location",
			"conditions": {
				"player":  {
					"player": {
						"advancements": {
							"minecraft:adventure/trigged_raid": "true"
						}
					}
				}
			}
        },
		"two_birds_one_arrow": {
            "trigger": "minecraft:location",
			"conditions": {
				"player":  {
					"player": {
						"advancements": {
							"minecraft:adventure/two_birds_one_arrow": "true"
						}
					}
				}
			}
        },
		"frighten": {
            "trigger": "minecraft:location",
			"conditions": {
				"player":  {
					"player": {
						"advancements": {
							"minecraft:adventure/very_very_frightening": "true"
						}
					}
				}
			}
        },
		"voluntary": {
            "trigger": "minecraft:location",
			"conditions": {
				"player":  {
					"player": {
						"advancements": {
							"minecraft:adventure/voluntary_exile": "true"
						}
					}
				}
			}
        },
		"leather_boot": {
            "trigger": "minecraft:location",
			"conditions": {
				"player":  {
					"player": {
						"advancements": {
							"minecraft:adventure/walk_on_powder_snow_with_leather_boots": "true"
						}
					}
				}
			}
        },
		"pillager": {
            "trigger": "minecraft:location",
			"conditions": {
				"player":  {
					"player": {
						"advancements": {
							"minecraft:adventure/whos_the_pillager_now": "true"
						}
					}
				}
			}
        }
    }
}