{
    "display": {
        "icon": {
            "item": "minecraft:creeper_head"
        },
        "title": {"translate":"苦力怕世界"},
        "description": {"translate":"完成所有苦力怕世界成就"},
		"frame": "challenge"
    },
    "parent": "minecraft:advcollect/root",
	"rewards": {
		"experience": 6000
    },		
    "criteria": {
		"creeper_world": {
            "trigger": "minecraft:location",
			"conditions": {
				"player":  {
					"player": {
						"advancements": {
							"minecraft:biome/all_creeper_biome": "true"
						}
					}
				}
			}
        },
		"all_structure": {
            "trigger": "minecraft:location",
			"conditions": {
				"player":  {
					"player": {
						"advancements": {
							"minecraft:biome/all_structure_biome": "true"
						}
					}
				}
			}
        },
		"leave_creeper": {
            "trigger": "minecraft:location",
			"conditions": {
				"player":  {
					"player": {
						"advancements": {
							"minecraft:biome/leave_creeper_world": "true"
						}
					}
				}
			}
        },
		"enter_creeper": {
            "trigger": "minecraft:location",
			"conditions": {
				"player":  {
					"player": {
						"advancements": {
							"minecraft:biome/look_at_creeper": "true"
						}
					}
				}
			}
        },
		"creeper_root": {
            "trigger": "minecraft:location",
			"conditions": {
				"player":  {
					"player": {
						"advancements": {
							"minecraft:biome/root": "true"
						}
					}
				}
			}
        },
		"safe_center": {
            "trigger": "minecraft:location",
			"conditions": {
				"player":  {
					"player": {
						"advancements": {
							"minecraft:biome/safe_center": "true"
						}
					}
				}
			}
        }
    }
}