{
    "display": {
        "icon": {
            "item": "minecraft:end_stone"
        },
        "title": {"translate":"末地"},
        "description": {"translate":"完成所有末地成就"},
		"frame": "challenge"
    },
    "parent": "minecraft:advcollect/root",
	"rewards": {
		"experience": 14000
    },		
    "criteria": {
        "dragon_breath": {
            "trigger": "minecraft:location",
			"conditions": {
				"player":  {
					"player": {
						"advancements": {
							"minecraft:end/dragon_breath": "true"
						}
					}
				}
			}
        },
        "dragon_egg": {
            "trigger": "minecraft:location",
			"conditions": {
				"player":  {
					"player": {
						"advancements": {
							"minecraft:end/dragon_egg": "true"
						}
					}
				}
			}
        },
        "dragon_hunter": {
            "trigger": "minecraft:location",
			"conditions": {
				"player":  {
					"player": {
						"advancements": {
							"minecraft:end/dragon_hunter": "true"
						}
					}
				}
			}
        },
		"elytra": {
            "trigger": "minecraft:location",
			"conditions": {
				"player":  {
					"player": {
						"advancements": {
							"minecraft:end/elytra": "true"
						}
					}
				}
			}
        },
		"elytra_broken": {
            "trigger": "minecraft:location",
			"conditions": {
				"player":  {
					"player": {
						"advancements": {
							"minecraft:end/elytra_broken": "true"
						}
					}
				}
			}
        },
		"enter_end_gateway": {
            "trigger": "minecraft:location",
			"conditions": {
				"player":  {
					"player": {
						"advancements": {
							"minecraft:end/enter_end_gateway": "true"
						}
					}
				}
			}
        },
		"find_end_city": {
            "trigger": "minecraft:location",
			"conditions": {
				"player":  {
					"player": {
						"advancements": {
							"minecraft:end/find_end_city": "true"
						}
					}
				}
			}
        },
		"hurt_by_shulker": {
            "trigger": "minecraft:location",
			"conditions": {
				"player":  {
					"player": {
						"advancements": {
							"minecraft:end/hurt_by_shulker": "true"
						}
					}
				}
			}
        },
		"kill_dragon": {
            "trigger": "minecraft:location",
			"conditions": {
				"player":  {
					"player": {
						"advancements": {
							"minecraft:end/kill_dragon": "true"
						}
					}
				}
			}
        },
		"kill_dragon_again": {
            "trigger": "minecraft:location",
			"conditions": {
				"player":  {
					"player": {
						"advancements": {
							"minecraft:end/kill_dragon_again": "true"
						}
					}
				}
			}
        },
		"levitate": {
            "trigger": "minecraft:location",
			"conditions": {
				"player":  {
					"player": {
						"advancements": {
							"minecraft:end/levitate": "true"
						}
					}
				}
			}
        },
		"moon": {
            "trigger": "minecraft:location",
			"conditions": {
				"player":  {
					"player": {
						"advancements": {
							"minecraft:end/moon": "true"
						}
					}
				}
			}
        },
		"respawn_dragon": {
            "trigger": "minecraft:location",
			"conditions": {
				"player":  {
					"player": {
						"advancements": {
							"minecraft:end/respawn_dragon": "true"
						}
					}
				}
			}
        },
		"end_root": {
            "trigger": "minecraft:location",
			"conditions": {
				"player":  {
					"player": {
						"advancements": {
							"minecraft:end/root": "true"
						}
					}
				}
			}
        }
    }
}