{
    "display": {
        "icon": {
            "item": "minecraft:chest"
        },
        "title": {"translate":"其它"},
        "description": {"translate":"完成所有其它成就"},
		"frame": "challenge"
    },
    "parent": "minecraft:advcollect/root",
	"rewards": {
		"experience": 22000
    },		
    "criteria": {
        "player_death": {
            "trigger": "minecraft:location",
			"conditions": {
				"player":  {
					"player": {
						"advancements": {
							"minecraft:stat/death": "true"
						}
					}
				}
			}
        },
		"player_death_2": {
            "trigger": "minecraft:location",
			"conditions": {
				"player":  {
					"player": {
						"advancements": {
							"minecraft:stat/death_2": "true"
						}
					}
				}
			}
        },
		"player_death_3": {
            "trigger": "minecraft:location",
			"conditions": {
				"player":  {
					"player": {
						"advancements": {
							"minecraft:stat/death_3": "true"
						}
					}
				}
			}
        },
		"mpickaxe": {
            "trigger": "minecraft:location",
			"conditions": {
				"player":  {
					"player": {
						"advancements": {
							"minecraft:stat/many_pickaxe": "true"
						}
					}
				}
			}
        },
		"mpickaxe_2": {
            "trigger": "minecraft:location",
			"conditions": {
				"player":  {
					"player": {
						"advancements": {
							"minecraft:stat/many_pickaxe_2": "true"
						}
					}
				}
			}
        },
		"mpickaxe_3": {
            "trigger": "minecraft:location",
			"conditions": {
				"player":  {
					"player": {
						"advancements": {
							"minecraft:stat/many_pickaxe_3": "true"
						}
					}
				}
			}
        },
		"mpickaxe_4": {
            "trigger": "minecraft:location",
			"conditions": {
				"player":  {
					"player": {
						"advancements": {
							"minecraft:stat/many_pickaxe_4": "true"
						}
					}
				}
			}
        },
		"lot_wood": {
            "trigger": "minecraft:location",
			"conditions": {
				"player":  {
					"player": {
						"advancements": {
							"minecraft:stat/mine_wood": "true"
						}
					}
				}
			}
        },
		"lot_wood_2": {
            "trigger": "minecraft:location",
			"conditions": {
				"player":  {
					"player": {
						"advancements": {
							"minecraft:stat/mine_wood_2": "true"
						}
					}
				}
			}
        },
		"lot_wood_3": {
            "trigger": "minecraft:location",
			"conditions": {
				"player":  {
					"player": {
						"advancements": {
							"minecraft:stat/mine_wood_3": "true"
						}
					}
				}
			}
        },
		"play_time": {
            "trigger": "minecraft:location",
			"conditions": {
				"player":  {
					"player": {
						"advancements": {
							"minecraft:stat/play_time": "true"
						}
					}
				}
			}
        },
		"play_time_2": {
            "trigger": "minecraft:location",
			"conditions": {
				"player":  {
					"player": {
						"advancements": {
							"minecraft:stat/play_time_2": "true"
						}
					}
				}
			}
        },
		"play_time_3": {
            "trigger": "minecraft:location",
			"conditions": {
				"player":  {
					"player": {
						"advancements": {
							"minecraft:stat/play_time_3": "true"
						}
					}
				}
			}
        },
		"play_time_4": {
            "trigger": "minecraft:location",
			"conditions": {
				"player":  {
					"player": {
						"advancements": {
							"minecraft:stat/play_time_4": "true"
						}
					}
				}
			}
        },
		"play_time_5": {
            "trigger": "minecraft:location",
			"conditions": {
				"player":  {
					"player": {
						"advancements": {
							"minecraft:stat/play_time_5": "true"
						}
					}
				}
			}
        },
		"raid": {
            "trigger": "minecraft:location",
			"conditions": {
				"player":  {
					"player": {
						"advancements": {
							"minecraft:stat/raid": "true"
						}
					}
				}
			}
        },
		"raid_2": {
            "trigger": "minecraft:location",
			"conditions": {
				"player":  {
					"player": {
						"advancements": {
							"minecraft:stat/raid_2": "true"
						}
					}
				}
			}
        },
		"raid_3": {
            "trigger": "minecraft:location",
			"conditions": {
				"player":  {
					"player": {
						"advancements": {
							"minecraft:stat/raid_3": "true"
						}
					}
				}
			}
        },
		"stat_root": {
            "trigger": "minecraft:location",
			"conditions": {
				"player":  {
					"player": {
						"advancements": {
							"minecraft:stat/root": "true"
						}
					}
				}
			}
        },
		"stones": {
            "trigger": "minecraft:location",
			"conditions": {
				"player":  {
					"player": {
						"advancements": {
							"minecraft:stat/stones": "true"
						}
					}
				}
			}
        },
		"stones_2": {
            "trigger": "minecraft:location",
			"conditions": {
				"player":  {
					"player": {
						"advancements": {
							"minecraft:stat/stones_2": "true"
						}
					}
				}
			}
        },
		"stones_3": {
            "trigger": "minecraft:location",
			"conditions": {
				"player":  {
					"player": {
						"advancements": {
							"minecraft:stat/stones_3": "true"
						}
					}
				}
			}
        }
    }
}