{
  "display": {
    "icon": {
      "item": "minecraft:bedrock"
    },
    "title": {
      "translate": "进度的完成统计"
    },
    "description": {
      "translate": "获得某个标签页的所有进度获得！进度判定源于json文件位置，不是处于哪个标签页"
    },
    "frame": "challenge",
    "show_toast": false,
    "announce_to_chat": false,
    "hidden": false,
    "background": "minecraft:textures/block/bedrock.png"
  },
  "criteria": {
    "obsidian": {
      "trigger": "minecraft:inventory_changed",
      "conditions": {
        "items": [
          {
            "items": [
              "minecraft:obsidian"
            ]
          }
        ]
      }
    }
  },
  "requirements": [
    [
      "obsidian"
    ]
  ]
}