{
  "name": "minecraft:village/all_structure",
  "fallback": "minecraft:empty",
  "elements": [
    {
      "weight": 75,
      "element": {
        "location": "minecraft:village/plains/town_centers/plains_fountain_01",
        "processors": "minecraft:mossify_20_percent",
        "projection": "rigid",
        "element_type": "minecraft:legacy_single_pool_element"
      }
    },
    {
      "weight": 75,
      "element": {
        "location": "minecraft:village/plains/town_centers/plains_meeting_point_1",
        "processors": "minecraft:mossify_20_percent",
        "projection": "rigid",
        "element_type": "minecraft:legacy_single_pool_element"
      }
    },
    {
      "weight": 75,
      "element": {
        "location": "minecraft:village/plains/town_centers/plains_meeting_point_2",
        "processors": "minecraft:empty",
        "projection": "rigid",
        "element_type": "minecraft:legacy_single_pool_element"
      }
    },
    {
      "weight": 75,
      "element": {
        "location": "minecraft:village/plains/town_centers/plains_meeting_point_3",
        "processors": "minecraft:mossify_70_percent",
        "projection": "rigid",
        "element_type": "minecraft:legacy_single_pool_element"
      }
    },
    {
      "weight": 10,
      "element": {
        "location": "minecraft:village/plains/zombie/town_centers/plains_fountain_01",
        "processors": "minecraft:zombie_plains",
        "projection": "rigid",
        "element_type": "minecraft:legacy_single_pool_element"
      }
    },
    {
      "weight": 10,
      "element": {
        "location": "minecraft:village/plains/zombie/town_centers/plains_meeting_point_1",
        "processors": "minecraft:zombie_plains",
        "projection": "rigid",
        "element_type": "minecraft:legacy_single_pool_element"
      }
    },
    {
      "weight": 10,
      "element": {
        "location": "minecraft:village/plains/zombie/town_centers/plains_meeting_point_2",
        "processors": "minecraft:zombie_plains",
        "projection": "rigid",
        "element_type": "minecraft:legacy_single_pool_element"
      }
    },
    {
      "weight": 10,
      "element": {
        "location": "minecraft:village/plains/zombie/town_centers/plains_meeting_point_3",
        "processors": "minecraft:zombie_plains",
        "projection": "rigid",
        "element_type": "minecraft:legacy_single_pool_element"
      }
    },
    {
      "weight": 75,
      "element": {
        "location": "minecraft:village/desert/town_centers/desert_meeting_point_1",
        "processors": "minecraft:empty",
        "projection": "rigid",
        "element_type": "minecraft:legacy_single_pool_element"
      }
    },
    {
      "weight": 75,
      "element": {
        "location": "minecraft:village/desert/town_centers/desert_meeting_point_2",
        "processors": "minecraft:empty",
        "projection": "rigid",
        "element_type": "minecraft:legacy_single_pool_element"
      }
    },
    {
      "weight": 75,
      "element": {
        "location": "minecraft:village/desert/town_centers/desert_meeting_point_3",
        "processors": "minecraft:empty",
        "projection": "rigid",
        "element_type": "minecraft:legacy_single_pool_element"
      }
    },
    {
      "weight": 10,
      "element": {
        "location": "minecraft:village/desert/zombie/town_centers/desert_meeting_point_1",
        "processors": "minecraft:zombie_desert",
        "projection": "rigid",
        "element_type": "minecraft:legacy_single_pool_element"
      }
    },
    {
      "weight": 10,
      "element": {
        "location": "minecraft:village/desert/zombie/town_centers/desert_meeting_point_2",
        "processors": "minecraft:zombie_desert",
        "projection": "rigid",
        "element_type": "minecraft:legacy_single_pool_element"
      }
    },
    {
      "weight": 10,
      "element": {
        "location": "minecraft:village/desert/zombie/town_centers/desert_meeting_point_3",
        "processors": "minecraft:zombie_desert",
        "projection": "rigid",
        "element_type": "minecraft:legacy_single_pool_element"
      }
    },
    {
      "weight": 75,
      "element": {
        "location": "minecraft:village/savanna/town_centers/savanna_meeting_point_1",
        "processors": "minecraft:empty",
        "projection": "rigid",
        "element_type": "minecraft:legacy_single_pool_element"
      }
    },
    {
      "weight": 75,
      "element": {
        "location": "minecraft:village/savanna/town_centers/savanna_meeting_point_2",
        "processors": "minecraft:empty",
        "projection": "rigid",
        "element_type": "minecraft:legacy_single_pool_element"
      }
    },
    {
      "weight": 75,
      "element": {
        "location": "minecraft:village/savanna/town_centers/savanna_meeting_point_3",
        "processors": "minecraft:empty",
        "projection": "rigid",
        "element_type": "minecraft:legacy_single_pool_element"
      }
    },
    {
      "weight": 75,
      "element": {
        "location": "minecraft:village/savanna/town_centers/savanna_meeting_point_4",
        "processors": "minecraft:empty",
        "projection": "rigid",
        "element_type": "minecraft:legacy_single_pool_element"
      }
    },
    {
      "weight": 10,
      "element": {
        "location": "minecraft:village/savanna/zombie/town_centers/savanna_meeting_point_1",
        "processors": "minecraft:zombie_savanna",
        "projection": "rigid",
        "element_type": "minecraft:legacy_single_pool_element"
      }
    },
    {
      "weight": 10,
      "element": {
        "location": "minecraft:village/savanna/zombie/town_centers/savanna_meeting_point_2",
        "processors": "minecraft:zombie_savanna",
        "projection": "rigid",
        "element_type": "minecraft:legacy_single_pool_element"
      }
    },
    {
      "weight": 10,
      "element": {
        "location": "minecraft:village/savanna/zombie/town_centers/savanna_meeting_point_3",
        "processors": "minecraft:zombie_savanna",
        "projection": "rigid",
        "element_type": "minecraft:legacy_single_pool_element"
      }
    },
    {
      "weight": 10,
      "element": {
        "location": "minecraft:village/savanna/zombie/town_centers/savanna_meeting_point_4",
        "processors": "minecraft:zombie_savanna",
        "projection": "rigid",
        "element_type": "minecraft:legacy_single_pool_element"
      }
    },
    {
      "weight": 75,
      "element": {
        "location": "minecraft:village/taiga/town_centers/taiga_meeting_point_1",
        "processors": "minecraft:mossify_10_percent",
        "projection": "rigid",
        "element_type": "minecraft:legacy_single_pool_element"
      }
    },
    {
      "weight": 75,
      "element": {
        "location": "minecraft:village/taiga/town_centers/taiga_meeting_point_2",
        "processors": "minecraft:mossify_10_percent",
        "projection": "rigid",
        "element_type": "minecraft:legacy_single_pool_element"
      }
    },
    {
      "weight": 10,
      "element": {
        "location": "minecraft:village/taiga/zombie/town_centers/taiga_meeting_point_1",
        "processors": "minecraft:zombie_taiga",
        "projection": "rigid",
        "element_type": "minecraft:legacy_single_pool_element"
      }
    },
    {
      "weight": 10,
      "element": {
        "location": "minecraft:village/taiga/zombie/town_centers/taiga_meeting_point_2",
        "processors": "minecraft:zombie_taiga",
        "projection": "rigid",
        "element_type": "minecraft:legacy_single_pool_element"
      }
    }
  ]
}