{
    "display": {
        "icon": {
            "item": "minecraft:lime_terracotta"
        },
        "title": {"translate":"彩色陶瓦"},
        "description": {"color":"#75E1FF","translate":"收集所有17种陶瓦"},
		"frame": "challenge"
    },
    "parent": "minecraft:building/badlands",
    "rewards": {
		"experience": 100
    },		
    "criteria": {
        "white_terracotta": {
            "trigger": "minecraft:inventory_changed",
            "conditions": {
                "items": [
                    {
						"items": [
							"minecraft:white_terracotta"
						]
                    }
                ]
            }
        },
        "orange_terracotta": {
            "trigger": "minecraft:inventory_changed",
            "conditions": {
                "items": [
                    {
						"items": [
							"minecraft:orange_terracotta"
						]
                    }
                ]
            }
        },
        "magenta_terracotta": {
            "trigger": "minecraft:inventory_changed",
            "conditions": {
                "items": [
                    {
						"items": [
							"minecraft:magenta_terracotta"
						]
                    }
                ]
            }
        },
        "light_blue_terracotta": {
            "trigger": "minecraft:inventory_changed",
            "conditions": {
                "items": [
                    {
						"items": [
							"minecraft:light_blue_terracotta"
						]
                    }
                ]
            }
        },
        "yellow_terracotta": {
            "trigger": "minecraft:inventory_changed",
            "conditions": {
                "items": [
                    {
						"items": [
							"minecraft:yellow_terracotta"
						]
                    }
                ]
            }
        },
        "lime_terracotta": {
            "trigger": "minecraft:inventory_changed",
            "conditions": {
                "items": [
                    {
						"items": [
							"minecraft:lime_terracotta"
						]
                    }
                ]
            }
        },
        "pink_terracotta": {
            "trigger": "minecraft:inventory_changed",
            "conditions": {
                "items": [
                    {
						"items": [
							"minecraft:pink_terracotta"
						]
                    }
                ]
            }
        },
        "gray_terracotta": {
            "trigger": "minecraft:inventory_changed",
            "conditions": {
                "items": [
                    {
						"items": [
							"minecraft:gray_terracotta"
						]
                    }
                ]
            }
        },
        "light_gray_terracotta": {
            "trigger": "minecraft:inventory_changed",
            "conditions": {
                "items": [
                    {
						"items": [
							"minecraft:light_gray_terracotta"
						]
                    }
                ]
            }
        },
        "cyan_terracotta": {
            "trigger": "minecraft:inventory_changed",
            "conditions": {
                "items": [
                    {
						"items": [
							"minecraft:cyan_terracotta"
						]
                    }
                ]
            }
        },
        "purple_terracotta": {
            "trigger": "minecraft:inventory_changed",
            "conditions": {
                "items": [
                    {
						"items": [
							"minecraft:purple_terracotta"
						]
                    }
                ]
            }
        },
        "blue_terracotta": {
            "trigger": "minecraft:inventory_changed",
            "conditions": {
                "items": [
                    {
						"items": [
							"minecraft:blue_terracotta"
						]
                    }
                ]
            }
        },
        "brown_terracotta": {
            "trigger": "minecraft:inventory_changed",
            "conditions": {
                "items": [
                    {
						"items": [
							"minecraft:brown_terracotta"
						]
                    }
                ]
            }
        },
        "green_terracotta": {
            "trigger": "minecraft:inventory_changed",
            "conditions": {
                "items": [
                    {
						"items": [
							"minecraft:green_terracotta"
						]
                    }
                ]
            }
        },
        "red_terracotta": {
            "trigger": "minecraft:inventory_changed",
            "conditions": {
                "items": [
                    {
						"items": [
							"minecraft:red_terracotta"
						]
                    }
                ]
            }
        },
        "black_terracotta": {
            "trigger": "minecraft:inventory_changed",
            "conditions": {
                "items": [
                    {
						"items": [
							"minecraft:black_terracotta"
						]
                    }
                ]
            }
        },
        "terracotta": {
            "trigger": "minecraft:inventory_changed",
            "conditions": {
                "items": [
                    {
						"items": [
							"minecraft:terracotta"
						]
                    }
                ]
            }
        }
    }
}