{
    "display": {
        "icon": {
            "item": "minecraft:oak_planks"
        },
        "title": {"translate":"获得所有木板！"},
        "description": {"color":"#75E1FF","translate":"收集所有8种木板"},
		"frame": "goal"
    },
    "parent": "minecraft:building/woods",
    "rewards": {
		"function": "minecraft:building/logs",
                                "experience": 20
    },		
    "criteria": {
        "oak": {
            "trigger": "minecraft:inventory_changed",
            "conditions": {
                "items": [
                    {
						"items": [
							"minecraft:oak_planks"
						]
                    }
                ]
            }
        },
        "birch": {
            "trigger": "minecraft:inventory_changed",
            "conditions": {
                "items": [
                    {
						"items": [
							"minecraft:birch_planks"
						]
                    }
                ]
            }
        },
        "acacia": {
            "trigger": "minecraft:inventory_changed",
            "conditions": {
                "items": [
                    {
						"items": [
							"minecraft:acacia_planks"
						]
                    }
                ]
            }
        },
        "jungle": {
            "trigger": "minecraft:inventory_changed",
            "conditions": {
                "items": [
                    {
						"items": [
							"minecraft:jungle_planks"
						]
                    }
                ]
            }
        },
        "dark_oak_planks": {
            "trigger": "minecraft:inventory_changed",
            "conditions": {
                "items": [
                    {
						"items": [
							"minecraft:dark_oak_planks"
						]
                    }
                ]
            }
        },
        "spruce": {
            "trigger": "minecraft:inventory_changed",
            "conditions": {
                "items": [
                    {
						"items": [
							"minecraft:spruce_planks"
						]
                    }
                ]
            }
        },
        "crimson": {
            "trigger": "minecraft:inventory_changed",
            "conditions": {
                "items": [
                    {
						"items": [
							"minecraft:crimson_planks"
						]
                    }
                ]
            }
        },
        "warped": {
            "trigger": "minecraft:inventory_changed",
            "conditions": {
                "items": [
                    {
						"items": [
							"minecraft:warped_planks"
						]
                    }
                ]
            }
        }
    }
}