{
  "display": {
    "icon": {
      "item": "minecraft:oak_planks"
    },
    "title": {
      "translate": "建筑"
    },
    "description": {
      "translate": "建造美丽的家园"
    },
    "frame": "task",
    "show_toast": false,
    "announce_to_chat": false,
    "hidden": false,
    "background": "minecraft:textures/block/oak_planks.png"
  },
  "criteria": {
    "plank": {
      "trigger": "minecraft:inventory_changed",
      "conditions": {
        "items": [
          {
            "tag": "minecraft:planks"
          }
        ]
      }
    }
  },
  "requirements": [
    [
      "plank"
    ]
  ]
}