{
  "parent": "minecraft:building/root",
  "display": {
    "icon": {
      "item": "minecraft:sand"
    },
    "title": {
      "translate": "沙子"
    },
    "description": {
      "translate": "从沙漠等地形获取沙子"
    },
    "frame": "task",
    "show_toast": true,
    "announce_to_chat": true,
    "hidden": false
  },
  "rewards": {
    "function": "minecraft:building/sand"
  },
  "criteria": {
    "sand": {
      "trigger": "minecraft:inventory_changed",
      "conditions": {
        "items": [
          {
            "items": [
              "minecraft:sand"
            ]
          }
        ]
      }
    }
  },
  "requirements": [
    [
      "sand"
    ]
  ]
}