{
    "display": {
        "icon": {
            "item": "minecraft:stripped_oak_log"
        },
        "title": {"translate":"获得所有去皮原木！"},
        "description": {"color":"#75E1FF","translate":"收集所有8种去皮原木"},
		"frame": "goal"
    },
    "parent": "minecraft:building/planks",
    "rewards": {
                                "experience": 40
    },		
    "criteria": {
        "oak": {
            "trigger": "minecraft:inventory_changed",
            "conditions": {
                "items": [
                    {
						"items": [
							"minecraft:stripped_oak_log"
						]
                    }
                ]
            }
        },
        "birch": {
            "trigger": "minecraft:inventory_changed",
            "conditions": {
                "items": [
                    {
						"items": [
							"minecraft:stripped_birch_log"
						]
                    }
                ]
            }
        },
        "acacia": {
            "trigger": "minecraft:inventory_changed",
            "conditions": {
                "items": [
                    {
						"items": [
							"minecraft:stripped_acacia_log"
						]
                    }
                ]
            }
        },
        "jungle": {
            "trigger": "minecraft:inventory_changed",
            "conditions": {
                "items": [
                    {
						"items": [
							"minecraft:stripped_jungle_log"
						]
                    }
                ]
            }
        },
        "dark_oak_log": {
            "trigger": "minecraft:inventory_changed",
            "conditions": {
                "items": [
                    {
						"items": [
							"minecraft:stripped_dark_oak_log"
						]
                    }
                ]
            }
        },
        "spruce": {
            "trigger": "minecraft:inventory_changed",
            "conditions": {
                "items": [
                    {
						"items": [
							"minecraft:stripped_spruce_log"
						]
                    }
                ]
            }
        },
        "crimson": {
            "trigger": "minecraft:inventory_changed",
            "conditions": {
                "items": [
                    {
						"items": [
							"minecraft:stripped_crimson_stem"
						]
                    }
                ]
            }
        },
        "warped": {
            "trigger": "minecraft:inventory_changed",
            "conditions": {
                "items": [
                    {
						"items": [
							"minecraft:stripped_warped_stem"
						]
                    }
                ]
            }
        }
    }
}