{
    "display": {
        "icon": {
            "item": "minecraft:stripped_oak_wood"
        },
        "title": {"translate":"获得所有去皮木头！"},
        "description": {"color":"#75E1FF","translate":"收集所有8种去皮木头"},
		"frame": "goal"
    },
    "parent": "minecraft:building/stripped_logs",
    "rewards": {
                                "experience": 40
    },		
    "criteria": {
        "oak": {
            "trigger": "minecraft:inventory_changed",
            "conditions": {
                "items": [
                    {
						"items": [
							"minecraft:stripped_oak_wood"
						]
                    }
                ]
            }
        },
        "birch": {
            "trigger": "minecraft:inventory_changed",
            "conditions": {
                "items": [
                    {
						"items": [
							"minecraft:stripped_birch_wood"
						]
                    }
                ]
            }
        },
        "acacia": {
            "trigger": "minecraft:inventory_changed",
            "conditions": {
                "items": [
                    {
						"items": [
							"minecraft:stripped_acacia_wood"
						]
                    }
                ]
            }
        },
        "jungle": {
            "trigger": "minecraft:inventory_changed",
            "conditions": {
                "items": [
                    {
						"items": [
							"minecraft:stripped_jungle_wood"
						]
                    }
                ]
            }
        },
        "dark_oak_wood": {
            "trigger": "minecraft:inventory_changed",
            "conditions": {
                "items": [
                    {
						"items": [
							"minecraft:stripped_dark_oak_wood"
						]
                    }
                ]
            }
        },
        "spruce": {
            "trigger": "minecraft:inventory_changed",
            "conditions": {
                "items": [
                    {
						"items": [
							"minecraft:stripped_spruce_wood"
						]
                    }
                ]
            }
        },
        "crimson": {
            "trigger": "minecraft:inventory_changed",
            "conditions": {
                "items": [
                    {
						"items": [
							"minecraft:stripped_crimson_hyphae"
						]
                    }
                ]
            }
        },
        "warped": {
            "trigger": "minecraft:inventory_changed",
            "conditions": {
                "items": [
                    {
						"items": [
							"minecraft:stripped_warped_hyphae"
						]
                    }
                ]
            }
        }
    }
}