{
  "parent": "minecraft:end/kill_dragon",
  "display": {
    "icon": {
      "item": "minecraft:end_crystal"
    },
    "title": {
      "translate": "advancements.end.respawn_dragon.title"
    },
    "description": {
      "translate": "advancements.end.respawn_dragon.description"
    },
    "frame": "task",
    "show_toast": true,
    "announce_to_chat": true,
    "hidden": false
  },
  "rewards": {
    "function": "minecraft:mcend/respawn_dragon"
  },
  "criteria": {
    "summoned_dragon": {
      "trigger": "minecraft:summoned_entity",
      "conditions": {
        "entity": [
          {
            "condition": "minecraft:entity_properties",
            "predicate": {
              "type": "minecraft:ender_dragon"
            },
            "entity": "this"
          }
        ]
      }
    }
  },
  "requirements": [
    [
      "summoned_dragon"
    ]
  ]
}