{
  "parent": "minecraft:fight/overkill",
  "display": {
    "icon": {
      "item": "minecraft:netherite_sword"
    },
    "title": {
      "translate": "绝杀"
    },
    "description": {
      "translate": "制造一击18颗心的伤害"
    },
    "frame": "challenge",
    "show_toast": true,
    "announce_to_chat": true,
    "hidden": false
  },
  "rewards": {
    "experience": 150
  },
  "criteria": {
    "overkill": {
      "trigger": "minecraft:player_hurt_entity",
      "conditions": {
        "damage": {
          "dealt":{
            "min":36
          }
        }
      }
    }
  },
  "requirements": [
    [
      "overkill"
    ]
  ]
}