{
  "parent": "minecraft:story/shiny_gear",
  "display": {
    "icon": {
      "item": "minecraft:diamond_chestplate",
      "nbt": "{Damage:0}"
    },
    "title": {
      "translate": "钻石套装齐全！"
    },
    "description": {
      "translate": "获得所有的钻石套装"
    },
    "frame": "goal",
    "show_toast": true,
    "announce_to_chat": true,
    "hidden": false
  },
  "rewards": {
    "experience": 80
  },
  "criteria": {
    "diamond_helmet": {
      "trigger": "minecraft:inventory_changed",
      "conditions": {
        "items": [
          {
            "items": [
              "minecraft:diamond_helmet"
            ]
          }
        ]
      }
    },
    "diamond_chestplate": {
      "trigger": "minecraft:inventory_changed",
      "conditions": {
        "items": [
          {
            "items": [
              "minecraft:diamond_chestplate"
            ]
          }
        ]
      }
    },
    "diamond_leggings": {
      "trigger": "minecraft:inventory_changed",
      "conditions": {
        "items": [
          {
            "items": [
              "minecraft:diamond_leggings"
            ]
          }
        ]
      }
    },
    "diamond_boots": {
      "trigger": "minecraft:inventory_changed",
      "conditions": {
        "items": [
          {
            "items": [
              "minecraft:diamond_boots"
            ]
          }
        ]
      }
    }
  }
}