{
  "parent": "minecraft:fight/iron_sword",
  "display": {
    "icon": {
      "item": "minecraft:diamond_sword"
    },
    "title": {
      "translate": "钻石剑！"
    },
    "description": {
      "translate": "用钻石和木棍制作钻石剑"
    },
    "frame": "task",
    "show_toast": true,
    "announce_to_chat": true,
    "hidden": false
  },
  "rewards": {
    "function": "minecraft:fight/diamond_sword"
  },
  "criteria": {
    "diamond_sword": {
      "trigger": "minecraft:inventory_changed",
      "conditions": {
        "items": [
          {
            "items": [
              "minecraft:diamond_sword"
            ]
          }
        ]
      }
    }
  },
  "requirements": [
    [
      "diamond_sword"
    ]
  ]
}