{
  "parent": "minecraft:story/obtain_armor",
  "display": {
    "icon": {
      "item": "minecraft:iron_chestplate",
      "nbt": "{Damage:0}"
    },
    "title": {
      "translate": "钢铁侠"
    },
    "description": {
      "translate": "穿全套铁盔甲"
    },
    "frame": "goal",
    "show_toast": true,
    "announce_to_chat": true,
    "hidden": false
  },
  "rewards": {
    "function": "minecraft:fight/iron_armor"
  },
  "criteria": {
    "iron_helmet": {
      "trigger": "minecraft:inventory_changed",
      "conditions": {
        "items": [
          {
            "items": [
              "minecraft:iron_helmet"
            ]
          }
        ]
      }
    },
    "iron_chestplate": {
      "trigger": "minecraft:inventory_changed",
      "conditions": {
        "items": [
          {
            "items": [
              "minecraft:iron_chestplate"
            ]
          }
        ]
      }
    },
    "iron_leggings": {
      "trigger": "minecraft:inventory_changed",
      "conditions": {
        "items": [
          {
            "items": [
              "minecraft:iron_leggings"
            ]
          }
        ]
      }
    },
    "iron_boots": {
      "trigger": "minecraft:inventory_changed",
      "conditions": {
        "items": [
          {
            "items": [
              "minecraft:iron_boots"
            ]
          }
        ]
      }
    }
  }
}