{
  "parent": "minecraft:fight/diamond_sword",
  "display": {
    "icon": {
      "item": "minecraft:arrow"
    },
    "title": {
      "translate": "为什么弓会变成剑呢？"
    },
    "description": {
      "translate": "在3米以内用弓杀死骷髅"
    },
    "frame": "goal",
    "show_toast": true,
    "announce_to_chat": true,
    "hidden": false
  },
  "rewards": {
    "experience": 50
  },
  "criteria": {
    "killed_skeleton": {
      "trigger": "minecraft:player_killed_entity",
      "conditions": {
        "entity": [
          {
            "condition": "minecraft:entity_properties",
            "predicate": {
              "type": "minecraft:skeleton",
              "distance": {
                "horizontal": {
                  "max": 3.0
                }
              }
            },
            "entity": "this"
          }
        ],
        "killing_blow": {
          "is_projectile": true
        }
      }
    }
  },
  "requirements": [
    [
      "killed_skeleton"
    ]
  ]
}