{
  "parent": "minecraft:fight/diamond_sword",
  "display": {
    "icon": {
      "item": "minecraft:snowball"
    },
    "title": {
      "translate": "雪球投手"
    },
    "description": {
      "translate": "用雪球击杀一只烈焰人"
    },
    "frame": "task",
    "show_toast": true,
    "announce_to_chat": true,
    "hidden": false
  },
  "rewards": {
    "function": "minecraft:fight/kill_blaze_with_snowball"
  },
  "criteria": {
    "killed_blaze": {
      "trigger": "minecraft:player_killed_entity",
      "conditions": {
        "entity": [
          {
            "condition": "minecraft:entity_properties",
            "predicate": {
              "type": "minecraft:blaze"
            },
            "entity": "this"
          }
        ],
        "killing_blow": {
          "is_projectile": true,
          "direct_entity": {
            "type": "minecraft:snowball"
          }
        }
      }
    }
  },
  "requirements": [
    [
      "killed_blaze"
    ]
  ]
}