{
  "parent": "minecraft:fight/kill_skeleton_in_short_distance",
  "display": {
    "icon": {
      "item": "minecraft:creeper_head"
    },
    "title": {
      "translate": "弓箭手"
    },
    "description": {
      "translate": "用箭杀死一个苦力怕"
    },
    "frame": "task",
    "show_toast": true,
    "announce_to_chat": true,
    "hidden": false
  },
  "rewards": {
    "experience": 10
  },
  "criteria": {
    "killed_creeper": {
      "trigger": "minecraft:player_killed_entity",
      "conditions": {
        "entity": [
          {
            "condition": "minecraft:entity_properties",
            "predicate": {
              "type": "minecraft:creeper",
            },
            "entity": "this"
          }
        ],
        "killing_blow": {
          "is_projectile": true
        }
      }
    }
  },
  "requirements": [
    [
      "killed_creeper"
    ]
  ]
}