{
  "display": {
    "icon": {
      "item": "minecraft:spyglass"
    },
    "title": {
      "translate": "望远镜"
    },
    "description": {
      "translate": "观赏月球！"
    },
    "frame": "task",
    "show_toast": false,
    "announce_to_chat": false,
    "hidden": false,
    "background": "minecraft:textures/block/grass_block_top.png"
  },
  "criteria": {
    "spyglass": {
      "trigger": "minecraft:inventory_changed",
      "conditions": {
        "items": [
          {
            "items": [
              "minecraft:spyglass"
            ]
          }
        ]
      }
    }
  },
  "requirements": [
    [
      "spyglass"
    ]
  ]
}