{
  "parent": "minecraft:spyglass/spyglass_at_sheep",
  "display": {
    "icon": {
      "item": "minecraft:spyglass"
    },
    "title": {
      "translate": "那是病毒吗？"
    },
    "description": {
      "translate": "通过望远镜观察蝙蝠"
    },
    "frame": "task",
    "show_toast": true,
    "announce_to_chat": true,
    "hidden": false
  },
  "rewards": {
    "experience": 2
  },
  "criteria": {
    "look_spyglass": {
      "trigger": "minecraft:using_item",
      "conditions": {
        "player": [
          {
            "condition": "minecraft:entity_properties",
            "predicate": {
              "player": {
                "looking_at": {
                  "type": "minecraft:bat"
                }
              }
            },
            "entity": "this"
          }
        ],
        "item": {
          "items": [
            "minecraft:spyglass"
          ]
        }
      }
    }
  },
  "requirements": [
    [
      "look_spyglass"
    ]
  ]
}