{
    "type": "minecraft:chest",
    "pools": [
        {
            "rolls": {
                "type": "minecraft:uniform",
                "min": 3,
                "max": 7
            },
            "bonus_rolls": 1,
            "entries": [
                {
                    "type": "minecraft:item",
                    "weight": 5,
                    "name": "minecraft:creeper_head"
                },
                {
                    "type": "minecraft:item",
                    "weight": 80,
                    "name": "minecraft:diamond",
                    "functions": [
                        {
                            "function": "minecraft:set_count",
                            "add": false,
                            "count": {
                                "type": "minecraft:uniform",
                                "min": 1,
                                "max": 6
                            }
                        }
                    ]
                },
                {
                    "type": "minecraft:item",
                    "weight": 80,
                    "name": "minecraft:iron_ingot",
                    "functions": [
                        {
                            "function": "minecraft:set_count",
                            "add": false,
                            "count": {
                                "type": "minecraft:uniform",
                                "min": 3,
                                "max": 8
                            }
                        }
                    ]
                },
                {
                    "type": "minecraft:item",
                    "weight": 80,
                    "name": "minecraft:gold_ingot",
                    "functions": [
                        {
                            "function": "minecraft:set_count",
                            "add": false,
                            "count": {
                                "type": "minecraft:uniform",
                                "min": 2,
                                "max": 11
                            }
                        }
                    ]
                },
                {
                    "type": "minecraft:item",
                    "weight": 80,
                    "name": "minecraft:copper_ingot",
                    "functions": [
                        {
                            "function": "minecraft:set_count",
                            "add": false,
                            "count": {
                                "type": "minecraft:uniform",
                                "min": 1,
                                "max": 6
                            }
                        }
                    ]
                },
                {
                    "type": "minecraft:item",
                    "weight": 15,
                    "name": "minecraft:netherite_ingot"
                }
            ]
        },
        {
            "rolls": {
                "min": 1,
                "max": 3
            },
            "bonus_rolls": 0,
            "entries": [
                {
                    "type": "minecraft:item",
                    "weight": 35,
                    "name": "minecraft:diamond_axe"
                },
                {
                    "type": "minecraft:item",
                    "weight": 35,
                    "name": "minecraft:diamond_pickaxe"
                },
                {
                    "type": "minecraft:item",
                    "weight": 35,
                    "name": "minecraft:diamond_hoe"
                },
                {
                    "type": "minecraft:item",
                    "weight": 35,
                    "name": "minecraft:diamond_shovel"
                },
                {
                    "type": "minecraft:item",
                    "weight": 35,
                    "name": "minecraft:diamond_sword"
                },
                {
                    "type": "minecraft:item",
                    "weight": 40,
                    "name": "minecraft:diamond_helmet"
                },
                {
                    "type": "minecraft:item",
                    "weight": 40,
                    "name": "minecraft:diamond_chestplate"
                },
                {
                    "type": "minecraft:item",
                    "weight": 40,
                    "name": "minecraft:diamond_leggings"
                },
                {
                    "type": "minecraft:item",
                    "weight": 40,
                    "name": "minecraft:diamond_boots"
                },
                {
                    "type": "minecraft:item",
                    "weight": 15,
                    "name": "minecraft:diamond_axe",
                    "functions": [
                        {
                            "function": "minecraft:enchant_randomly"
                        }
                    ]
                },
                {
                    "type": "minecraft:item",
                    "weight": 15,
                    "name": "minecraft:diamond_pickaxe",
                    "functions": [
                        {
                            "function": "minecraft:enchant_randomly"
                        }
                    ]
                },
                {
                    "type": "minecraft:item",
                    "weight": 15,
                    "name": "minecraft:diamond_shovel",
                    "functions": [
                        {
                            "function": "minecraft:enchant_randomly"
                        }
                    ]
                },
                {
                    "type": "minecraft:item",
                    "weight": 15,
                    "name": "minecraft:diamond_sword",
                    "functions": [
                        {
                            "function": "minecraft:enchant_randomly"
                        }
                    ]
                },
                {
                    "type": "minecraft:item",
                    "weight": 15,
                    "name": "minecraft:diamond_helmet",
                    "functions": [
                        {
                            "function": "minecraft:enchant_randomly"
                        }
                    ]
                },
                {
                    "type": "minecraft:item",
                    "weight": 15,
                    "name": "minecraft:diamond_chestplate",
                    "functions": [
                        {
                            "function": "minecraft:enchant_randomly"
                        }
                    ]
                },
                {
                    "type": "minecraft:item",
                    "weight": 15,
                    "name": "minecraft:diamond_leggings",
                    "functions": [
                        {
                            "function": "minecraft:enchant_randomly"
                        }
                    ]
                },
                {
                    "type": "minecraft:item",
                    "weight": 15,
                    "name": "minecraft:diamond_boots",
                    "functions": [
                        {
                            "function": "minecraft:enchant_randomly"
                        }
                    ]
                },
                {
                    "type": "minecraft:item",
                    "weight": 1,
                    "name": "minecraft:diamond_sword",
                    "functions": [
                        {
                            "function": "minecraft:set_nbt",
                            "tag": "{Enchantments:[{id:\"minecraft:sharpness\",lvl:10},{id:\"minecraft:looting\",lvl:7},{id:\"minecraft:unbreaking\",lvl:3}]}"
                        }
                    ]
                }
            ]
        }
    ]
}