{
    "display": {
        "icon": {
            "item": "minecraft:redstone_block"
        },
        "title": {"translate":"红石与交通运输"},
        "description": {"translate":"完成所有红石成就"},
		"frame": "challenge"
    },
    "parent": "minecraft:advcollect/root",
	"rewards": {
		"function": "minecraft:advcollect/all_adv_redstone",
		"experience": 8000
    },		
    "criteria": {
		"button": {
            "trigger": "minecraft:location",
			"conditions": {
				"player":  {
					"player": {
						"advancements": {
							"minecraft:redstone/button": "true"
						}
					}
				}
			}
        },
		"chest_minecart": {
            "trigger": "minecraft:location",
			"conditions": {
				"player":  {
					"player": {
						"advancements": {
							"minecraft:redstone/chest_minecart": "true"
						}
					}
				}
			}
        },
		"door": {
            "trigger": "minecraft:location",
			"conditions": {
				"player":  {
					"player": {
						"advancements": {
							"minecraft:redstone/door": "true"
						}
					}
				}
			}
        },
		"mineshaft": {
            "trigger": "minecraft:location",
			"conditions": {
				"player":  {
					"player": {
						"advancements": {
							"minecraft:redstone/find_mineshaft": "true"
						}
					}
				}
			}
        },
		"furnace_minecart": {
            "trigger": "minecraft:location",
			"conditions": {
				"player":  {
					"player": {
						"advancements": {
							"minecraft:redstone/furnace_minecart": "true"
						}
					}
				}
			}
        },
		"iron_door": {
            "trigger": "minecraft:location",
			"conditions": {
				"player":  {
					"player": {
						"advancements": {
							"minecraft:redstone/iron_door": "true"
						}
					}
				}
			}
        },
		"lamp": {
            "trigger": "minecraft:location",
			"conditions": {
				"player":  {
					"player": {
						"advancements": {
							"minecraft:redstone/lamp": "true"
						}
					}
				}
			}
        },
		"lever": {
            "trigger": "minecraft:location",
			"conditions": {
				"player":  {
					"player": {
						"advancements": {
							"minecraft:redstone/lever": "true"
						}
					}
				}
			}
        },
		"minecart": {
            "trigger": "minecraft:location",
			"conditions": {
				"player":  {
					"player": {
						"advancements": {
							"minecraft:redstone/minecart": "true"
						}
					}
				}
			}
        },
		"on_a_rail": {
            "trigger": "minecraft:location",
			"conditions": {
				"player":  {
					"player": {
						"advancements": {
							"minecraft:redstone/on_a_rail": "true"
						}
					}
				}
			}
        },
		"plate": {
            "trigger": "minecraft:location",
			"conditions": {
				"player":  {
					"player": {
						"advancements": {
							"minecraft:redstone/plate": "true"
						}
					}
				}
			}
        },
		"powered_rail": {
            "trigger": "minecraft:location",
			"conditions": {
				"player":  {
					"player": {
						"advancements": {
							"minecraft:redstone/powered_rail": "true"
						}
					}
				}
			}
        },
		"rail": {
            "trigger": "minecraft:location",
			"conditions": {
				"player":  {
					"player": {
						"advancements": {
							"minecraft:redstone/rail": "true"
						}
					}
				}
			}
        },
		"power_torch": {
            "trigger": "minecraft:location",
			"conditions": {
				"player":  {
					"player": {
						"advancements": {
							"minecraft:redstone/redstone_torch": "true"
						}
					}
				}
			}
        },
		"repeater": {
            "trigger": "minecraft:location",
			"conditions": {
				"player":  {
					"player": {
						"advancements": {
							"minecraft:redstone/repeater": "true"
						}
					}
				}
			}
        },
		"redstone_root": {
            "trigger": "minecraft:location",
			"conditions": {
				"player":  {
					"player": {
						"advancements": {
							"minecraft:redstone/root": "true"
						}
					}
				}
			}
        },
		"solar": {
            "trigger": "minecraft:location",
			"conditions": {
				"player":  {
					"player": {
						"advancements": {
							"minecraft:redstone/solar_power": "true"
						}
					}
				}
			}
        },
		"tnt": {
            "trigger": "minecraft:location",
			"conditions": {
				"player":  {
					"player": {
						"advancements": {
							"minecraft:redstone/tnt": "true"
						}
					}
				}
			}
        },
		"trapped_chest": {
            "trigger": "minecraft:location",
			"conditions": {
				"player":  {
					"player": {
						"advancements": {
							"minecraft:redstone/trapped_chest": "true"
						}
					}
				}
			}
        }
    }
}