{
    "display": {
        "icon": {
            "item": "minecraft:mycelium"
        },
        "title": {"translate":"蘑菇地！"},
        "description": {"translate":"找到蘑菇岛"},
		"frame": "task",
		"hidden": "false"
    },
    "parent": "minecraft:biome_new/root",	
    "rewards": {
		"experience": 100
    },	
    "criteria": {
        "mushroom_fields": {
            "trigger": "minecraft:location",
            "conditions": {
                "biome": "minecraft:overworld/mushroom_fields"
            }
        },
        "mushroom_fields_pe": {
            "trigger": "minecraft:location",
            "conditions": {
                "biome": "minecraft:mushroom_fields"
            }
        }
    },
    "requirements": [
        [
            "mushroom_fields",
            "mushroom_fields_pe"
        ]
    ]
}