{
  "parent": "minecraft:story/enter_the_end",
  "display": {
    "icon": {
      "item": "minecraft:end_portal_frame"
    },
    "title": {
      "translate": "维度旅行者"
    },
    "description": {
      "translate": "访问所有的维度，包括隐藏的苦力怕维度！"
    },
    "frame": "challenge",
    "show_toast": true,
    "announce_to_chat": true,
    "hidden": false
  },
  "rewards": {
    "function": "minecraft:mcstory/all_dimensions",
    "experience": 150
  },
  "criteria": {
    "end": {
      "trigger": "minecraft:changed_dimension",
      "conditions": {
        "to": "minecraft:the_end"
      }
    },
    "nether": {
      "trigger": "minecraft:changed_dimension",
      "conditions": {
        "to": "minecraft:the_nether"
      }
    },
    "creeper_world": {
      "trigger": "minecraft:changed_dimension",
      "conditions": {
        "to": "minecraft:creeper_world"
      }
    },
    "creeper_checkboard": {
      "trigger": "minecraft:changed_dimension",
      "conditions": {
        "to": "minecraft:creeper_checkboard"
      }
    },
    "creeper_checkboard": {
      "trigger": "minecraft:changed_dimension",
      "conditions": {
        "to": "minecraft:end_lands"
      }
    }
  }
}