{
  "parent": "minecraft:end/kill_dragon",
  "display": {
    "icon": {
      "item": "minecraft:ender_pearl"
    },
    "title": {
      "translate": "advancements.end.enter_end_gateway.title"
    },
    "description": {
      "translate": "advancements.end.enter_end_gateway.description"
    },
    "frame": "task",
    "show_toast": true,
    "announce_to_chat": true,
    "hidden": false
  },
  "rewards": {
    "function": "minecraft:mcend/enter_end_gateway"
  },
  "criteria": {
    "entered_end_gateway": {
      "trigger": "minecraft:enter_block",
      "conditions": {
        "block": "minecraft:end_gateway"
      }
    }
  },
  "requirements": [
    [
      "entered_end_gateway"
    ]
  ]
}