{
  "parent": "minecraft:end/levitate",
  "display": {
    "icon": {
      "item": "minecraft:shulker_spawn_egg"
    },
    "title": {
      "translate": "月球！"
    },
    "description": {
      "translate": "利用潜影贝的攻击上升100格"
    },
    "frame": "challenge",
    "show_toast": true,
    "announce_to_chat": true,
    "hidden": false
  },
  "rewards": {
    "experience": 500
  },
  "criteria": {
    "levitated": {
      "trigger": "minecraft:levitation",
      "conditions": {
        "distance": {
          "y": {
            "min": 100
          }
        }
      }
    }
  },
  "requirements": [
    [
      "levitated"
    ]
  ]
}