{
  "parent": "minecraft:end/elytra",
  "display": {
    "icon": {
      "item": "minecraft:elytra",
      "nbt": "{Damage:432}"
    },
    "title": {
      "translate": "不，飞机毁了"
    },
    "description": {
      "translate": "Oh,no，鞘翅坏了"
    },
    "frame": "task",
    "show_toast": true,
    "announce_to_chat": true,
    "hidden": false
  },
  "rewards": {
    "experience": 4
  },
  "criteria": {
    "elytra": {
      "trigger": "minecraft:item_durability_changed",
      "conditions": {
        "item": {
          "items": ["minecraft:elytra"]
        },
        "durability": 1
      }
    }
  },
  "requirements": [
    [
      "elytra"
    ]
  ]
}