{
    "display": {
        "icon": {
            "item": "minecraft:dragon_head"
        },
        "title": {"translate":"又结束了。"},
        "description": {"translate":"第二次杀死末影龙"},
		"frame": "goal"
    },
    "parent": "minecraft:end/respawn_dragon",
	"rewards": {
		"experience": 200,
		"function": "minecraft:mcend/kill_dragon_again"
    },		
    "criteria": {
        "kill_dragon": {
            "trigger": "minecraft:location",
			"conditions": {
				"player":  {
					"player": {
						"stats": [
							{
								"type": "minecraft:killed",
								"stat": "minecraft:ender_dragon",
								"value": {
									"min": 2
								}
							}
						]
					}
				}
			}
        }
    }
}