{
    "display": {
        "icon": {
            "item": "minecraft:red_terracotta"
        },
        "title": {"translate":"陶瓦山"},
        "description": {"translate":"找到一处恶地"},
		"frame": "task",
		"hidden": "false"
    },
    "parent": "minecraft:building/root",	
    "rewards": {
		"function": "minecraft:building/badlands"
    },	
    "criteria": {
        "badlands": {
            "trigger": "minecraft:location",
            "conditions": {
                "biome": "minecraft:overworld/badlands"
            }
        },
        "badlands_pe": {
            "trigger": "minecraft:location",
            "conditions": {
                "biome": "minecraft:badlands"
            }
        }
    },
    "requirements": [
        [
            "badlands",
            "badlands_pe"
        ]
    ]
}