{
  "parent": "minecraft:building/sand",
  "display": {
    "icon": {
      "item": "minecraft:glass"
    },
    "title": {
      "translate": "透明玻璃"
    },
    "description": {
      "translate": "给家制作窗户"
    },
    "frame": "task",
    "show_toast": true,
    "announce_to_chat": true,
    "hidden": false
  },
  "rewards": {
    "function": "minecraft:building/glass"
  },
  "criteria": {
    "glass": {
      "trigger": "minecraft:inventory_changed",
      "conditions": {
        "items": [
          {
            "items": [
              "minecraft:glass"
            ]
          }
        ]
      }
    }
  },
  "requirements": [
    [
      "glass"
    ]
  ]
}