{
  "parent": "minecraft:building/stone",
  "display": {
    "icon": {
      "item": "minecraft:cobbled_deepslate"
    },
    "title": {
      "translate": "我挖得很深了"
    },
    "description": {
      "translate": "挖掘深板岩"
    },
    "frame": "task",
    "show_toast": true,
    "announce_to_chat": true,
    "hidden": false
  },
  "rewards": {
    "function": "minecraft:building/mine_deepslate"
  },
  "criteria": {
    "deepslate": {
      "trigger": "minecraft:inventory_changed",
      "conditions": {
        "items": [
          {
            "items": [
              "minecraft:cobbled_deepslate"
            ]
          }
        ]
      }
    }
  },
  "requirements": [
    [
      "deepslate"
    ]
  ]
}