{
  "parent": "minecraft:fight/iron_sword",
  "display": {
    "icon": {
      "item": "minecraft:shield"
    },
    "title": {
      "translate": "不牢固的盾"
    },
    "description": {
      "translate": "制作盾牌，小心被斧头砍破"
    },
    "frame": "task",
    "show_toast": true,
    "announce_to_chat": true,
    "hidden": false
  },
  "rewards": {
    "experience": 10
  },
  "criteria": {
    "shield": {
      "trigger": "minecraft:inventory_changed",
      "conditions": {
        "items": [
          {
            "items": [
              "minecraft:shield"
            ]
          }
        ]
      }
    }
  },
  "requirements": [
    [
      "shield"
    ]
  ]
}