{
    "display": {
        "icon": {
            "item": "minecraft:player_head"
        },
        "title": {"translate":"完成所有进度！"},
        "description": {"translate":"完成Minecraft和More Advancements所有的进度"},
		"frame": "challenge"
    },
    "parent": "minecraft:story/root",
	"rewards": {
		"function": "minecraft:mcstory/all_advancement",
		"experience": 3276800
    },		
    "criteria": {
        "combat_complete": {
            "trigger": "minecraft:location",
			"conditions": {
				"player":  {
					"player": {
						"advancements": {
							"minecraft:fight/combat_complete": "true"
						}
					}
				}
			}
        },
        "defeat": {
            "trigger": "minecraft:location",
			"conditions": {
				"player":  {
					"player": {
						"advancements": {
							"minecraft:fight/defeat": "true"
						}
					}
				}
			}
        },
        "diamond_armor": {
            "trigger": "minecraft:location",
			"conditions": {
				"player":  {
					"player": {
						"advancements": {
							"minecraft:fight/diamond_armor": "true"
						}
					}
				}
			}
        },
        "diamond_sword": {
            "trigger": "minecraft:location",
			"conditions": {
				"player":  {
					"player": {
						"advancements": {
							"minecraft:fight/diamond_sword": "true"
						}
					}
				}
			}
        },
		"iron_armor": {
            "trigger": "minecraft:location",
			"conditions": {
				"player":  {
					"player": {
						"advancements": {
							"minecraft:fight/iron_armor": "true"
						}
					}
				}
			}
        },
		"iron_sword": {
            "trigger": "minecraft:location",
			"conditions": {
				"player":  {
					"player": {
						"advancements": {
							"minecraft:fight/iron_sword": "true"
						}
					}
				}
			}
        },
		"blaze_snow": {
            "trigger": "minecraft:location",
			"conditions": {
				"player":  {
					"player": {
						"advancements": {
							"minecraft:fight/kill_blaze_with_snowball": "true"
						}
					}
				}
			}
        },
		"short_distance": {
            "trigger": "minecraft:location",
			"conditions": {
				"player":  {
					"player": {
						"advancements": {
							"minecraft:fight/kill_skeleton_in_short_distance": "true"
						}
					}
				}
			}
        },
		"leather_armor_all": {
            "trigger": "minecraft:location",
			"conditions": {
				"player":  {
					"player": {
						"advancements": {
							"minecraft:fight/leather_armor": "true"
						}
					}
				}
			}
        },
		"librarian": {
            "trigger": "minecraft:location",
			"conditions": {
				"player":  {
					"player": {
						"advancements": {
							"minecraft:fight/librarian": "true"
						}
					}
				}
			}
        },
		"leather_armor": {
            "trigger": "minecraft:location",
			"conditions": {
				"player":  {
					"player": {
						"advancements": {
							"minecraft:fight/obtain_leather": "true"
						}
					}
				}
			}
        },
		"overkill": {
            "trigger": "minecraft:location",
			"conditions": {
				"player":  {
					"player": {
						"advancements": {
							"minecraft:fight/overkill": "true"
						}
					}
				}
			}
        },
		"fight_root": {
            "trigger": "minecraft:location",
			"conditions": {
				"player":  {
					"player": {
						"advancements": {
							"minecraft:fight/root": "true"
						}
					}
				}
			}
        },
		"shield": {
            "trigger": "minecraft:location",
			"conditions": {
				"player":  {
					"player": {
						"advancements": {
							"minecraft:fight/shield": "true"
						}
					}
				}
			}
        },
		"biome": {
            "trigger": "minecraft:location",
			"conditions": {
				"player":  {
					"player": {
						"advancements": {
							"minecraft:adventure/adventuring_time": "true"
						}
					}
				}
			}
        },
        "arvalistic": {
            "trigger": "minecraft:location",
			"conditions": {
				"player":  {
					"player": {
						"advancements": {
							"minecraft:adventure/arbalistic": "true"
						}
					}
				}
			}
        },
		"bullseye": {
            "trigger": "minecraft:location",
			"conditions": {
				"player":  {
					"player": {
						"advancements": {
							"minecraft:adventure/bullseye": "true"
						}
					}
				}
			}
        },
		"village": {
            "trigger": "minecraft:location",
			"conditions": {
				"player":  {
					"player": {
						"advancements": {
							"minecraft:adventure/find_village": "true"
						}
					}
				}
			}
        },
		"find_all_structure": {
            "trigger": "minecraft:location",
			"conditions": {
				"player":  {
					"player": {
						"advancements": {
							"minecraft:adventure/find_all_structure": "true"
						}
					}
				}
			}
        },
		"a_structure": {
            "trigger": "minecraft:location",
			"conditions": {
				"player":  {
					"player": {
						"advancements": {
							"minecraft:adventure/find_a_structure": "true"
						}
					}
				}
			}
        },
		"village_hero": {
            "trigger": "minecraft:location",
			"conditions": {
				"player":  {
					"player": {
						"advancements": {
							"minecraft:adventure/hero_of_the_village": "true"
						}
					}
				}
			}
        },
		"slide": {
            "trigger": "minecraft:location",
			"conditions": {
				"player":  {
					"player": {
						"advancements": {
							"minecraft:adventure/honey_block_slide": "true"
						}
					}
				}
			}
        },
		"all_mobs": {
            "trigger": "minecraft:location",
			"conditions": {
				"player":  {
					"player": {
						"advancements": {
							"minecraft:adventure/kill_all_mobs": "true"
						}
					}
				}
			}
        },
		"monster": {
            "trigger": "minecraft:location",
			"conditions": {
				"player":  {
					"player": {
						"advancements": {
							"minecraft:adventure/kill_a_mob": "true"
						}
					}
				}
			}
        },
		"kill_iron_golem": {
            "trigger": "minecraft:location",
			"conditions": {
				"player":  {
					"player": {
						"advancements": {
							"minecraft:adventure/kill_iron_golem": "true"
						}
					}
				}
			}
        },
		"villager": {
            "trigger": "minecraft:location",
			"conditions": {
				"player":  {
					"player": {
						"advancements": {
							"minecraft:adventure/kill_villager": "true"
						}
					}
				}
			}
        },
		"lightning": {
            "trigger": "minecraft:location",
			"conditions": {
				"player":  {
					"player": {
						"advancements": {
							"minecraft:adventure/lightning_rod_with_villager_no_fire": "true"
						}
					}
				}
			}
        },
		"ol_betsy": {
            "trigger": "minecraft:location",
			"conditions": {
				"player":  {
					"player": {
						"advancements": {
							"minecraft:adventure/ol_betsy": "true"
						}
					}
				}
			}
        },
		"adventure_root": {
            "trigger": "minecraft:location",
			"conditions": {
				"player":  {
					"player": {
						"advancements": {
							"minecraft:adventure/root": "true"
						}
					}
				}
			}
        },
		"shoot_arrow": {
            "trigger": "minecraft:location",
			"conditions": {
				"player":  {
					"player": {
						"advancements": {
							"minecraft:adventure/shoot_arrow": "true"
						}
					}
				}
			}
        },
		"sleep": {
            "trigger": "minecraft:location",
			"conditions": {
				"player":  {
					"player": {
						"advancements": {
							"minecraft:adventure/sleep_in_bed": "true"
						}
					}
				}
			}
        },
		"sniper_duel": {
            "trigger": "minecraft:location",
			"conditions": {
				"player":  {
					"player": {
						"advancements": {
							"minecraft:adventure/sniper_duel": "true"
						}
					}
				}
			}
        },
		"spyglass_dragon": {
            "trigger": "minecraft:location",
			"conditions": {
				"player":  {
					"player": {
						"advancements": {
							"minecraft:adventure/spyglass_at_dragon": "true"
						}
					}
				}
			}
        },
		"spyglass_ghast": {
            "trigger": "minecraft:location",
			"conditions": {
				"player":  {
					"player": {
						"advancements": {
							"minecraft:adventure/spyglass_at_ghast": "true"
						}
					}
				}
			}
        },
		"spyglass_parrot": {
            "trigger": "minecraft:location",
			"conditions": {
				"player":  {
					"player": {
						"advancements": {
							"minecraft:adventure/spyglass_at_parrot": "true"
						}
					}
				}
			}
        },
		"summon_iron": {
            "trigger": "minecraft:location",
			"conditions": {
				"player":  {
					"player": {
						"advancements": {
							"minecraft:adventure/summon_iron_golem": "true"
						}
					}
				}
			}
        },
		"trident": {
            "trigger": "minecraft:location",
			"conditions": {
				"player":  {
					"player": {
						"advancements": {
							"minecraft:adventure/throw_trident": "true"
						}
					}
				}
			}
        },
		"totem": {
            "trigger": "minecraft:location",
			"conditions": {
				"player":  {
					"player": {
						"advancements": {
							"minecraft:adventure/totem_of_undying": "true"
						}
					}
				}
			}
        },
		"tour": {
            "trigger": "minecraft:location",
			"conditions": {
				"player":  {
					"player": {
						"advancements": {
							"minecraft:adventure/tour": "true"
						}
					}
				}
			}
        },
		"trade": {
            "trigger": "minecraft:location",
			"conditions": {
				"player":  {
					"player": {
						"advancements": {
							"minecraft:adventure/trade": "true"
						}
					}
				}
			}
        },
		"two_birds_one_arrow": {
            "trigger": "minecraft:location",
			"conditions": {
				"player":  {
					"player": {
						"advancements": {
							"minecraft:adventure/two_birds_one_arrow": "true"
						}
					}
				}
			}
        },
		"frighten": {
            "trigger": "minecraft:location",
			"conditions": {
				"player":  {
					"player": {
						"advancements": {
							"minecraft:adventure/very_very_frightening": "true"
						}
					}
				}
			}
        },
		"voluntary": {
            "trigger": "minecraft:location",
			"conditions": {
				"player":  {
					"player": {
						"advancements": {
							"minecraft:adventure/voluntary_exile": "true"
						}
					}
				}
			}
        },
		"leather_boot": {
            "trigger": "minecraft:location",
			"conditions": {
				"player":  {
					"player": {
						"advancements": {
							"minecraft:adventure/walk_on_powder_snow_with_leather_boots": "true"
						}
					}
				}
			}
        },
		"pillager": {
            "trigger": "minecraft:location",
			"conditions": {
				"player":  {
					"player": {
						"advancements": {
							"minecraft:adventure/whos_the_pillager_now": "true"
						}
					}
				}
			}
        },
        "all_biomes": {
            "trigger": "minecraft:location",
			"conditions": {
				"player":  {
					"player": {
						"advancements": {
							"minecraft:biome/adventuring_time_2": "true"
						}
					}
				}
			}
        },
		"all_creeper_biome": {
            "trigger": "minecraft:location",
			"conditions": {
				"player":  {
					"player": {
						"advancements": {
							"minecraft:biome/all_creeper_biome": "true"
						}
					}
				}
			}
        },
		"structure_biome": {
            "trigger": "minecraft:location",
			"conditions": {
				"player":  {
					"player": {
						"advancements": {
							"minecraft:biome/all_structure_biome": "true"
						}
					}
				}
			}
        },
		"bottom": {
            "trigger": "minecraft:location",
			"conditions": {
				"player":  {
					"player": {
						"advancements": {
							"minecraft:biome/bottom_of_the_world": "true"
						}
					}
				}
			}
        },
		"edge": {
            "trigger": "minecraft:location",
			"conditions": {
				"player":  {
					"player": {
						"advancements": {
							"minecraft:biome/edge_of_the_world": "true"
						}
					}
				}
			}
        },
		"enter_water": {
            "trigger": "minecraft:location",
			"conditions": {
				"player":  {
					"player": {
						"advancements": {
							"minecraft:biome/enter_water": "true"
						}
					}
				}
			}
        },
		"creeper": {
            "trigger": "minecraft:location",
			"conditions": {
				"player":  {
					"player": {
						"advancements": {
							"minecraft:biome/kill_by_creeper": "true"
						}
					}
				}
			}
        },
		"leave_creeper": {
            "trigger": "minecraft:location",
			"conditions": {
				"player":  {
					"player": {
						"advancements": {
							"minecraft:biome/leave_creeper_world": "true"
						}
					}
				}
			}
        },
		"mushroom": {
            "trigger": "minecraft:location",
			"conditions": {
				"player":  {
					"player": {
						"advancements": {
							"minecraft:biome/mushroom_fields": "true"
						}
					}
				}
			}
        },
		"center": {
            "trigger": "minecraft:location",
			"conditions": {
				"player":  {
					"player": {
						"advancements": {
							"minecraft:biome/world_center": "true"
						}
					}
				}
			}
        },
		"top": {
            "trigger": "minecraft:location",
			"conditions": {
				"player":  {
					"player": {
						"advancements": {
							"minecraft:biome/world_top": "true"
						}
					}
				}
			}
        },
		"world": {
            "trigger": "minecraft:location",
			"conditions": {
				"player":  {
					"player": {
						"advancements": {
							"minecraft:biome/wrong_world": "true"
						}
					}
				}
			}
        },
		"biome_root": {
            "trigger": "minecraft:location",
			"conditions": {
				"player":  {
					"player": {
						"advancements": {
							"minecraft:biome/root": "true"
						}
					}
				}
			}
        },
        "coal_bl": {
            "trigger": "minecraft:location",
			"conditions": {
				"player":  {
					"player": {
						"advancements": {
							"minecraft:building/coal_block": "true"
						}
					}
				}
			}
        },
        "glass_color": {
            "trigger": "minecraft:location",
			"conditions": {
				"player":  {
					"player": {
						"advancements": {
							"minecraft:building/color_glass_pane": "true"
						}
					}
				}
			}
        },
		"copper_bl": {
            "trigger": "minecraft:location",
			"conditions": {
				"player":  {
					"player": {
						"advancements": {
							"minecraft:building/copper_block": "true"
						}
					}
				}
			}
        },
		"deepslate": {
            "trigger": "minecraft:location",
			"conditions": {
				"player":  {
					"player": {
						"advancements": {
							"minecraft:building/deepslate": "true"
						}
					}
				}
			}
        },
		"dia_bl": {
            "trigger": "minecraft:location",
			"conditions": {
				"player":  {
					"player": {
						"advancements": {
							"minecraft:building/diamond_block": "true"
						}
					}
				}
			}
        },
		"glass": {
            "trigger": "minecraft:location",
			"conditions": {
				"player":  {
					"player": {
						"advancements": {
							"minecraft:building/glass": "true"
						}
					}
				}
			}
        },
		"gl_pane": {
            "trigger": "minecraft:location",
			"conditions": {
				"player":  {
					"player": {
						"advancements": {
							"minecraft:building/glass_pane": "true"
						}
					}
				}
			}
        },
		"gold_bl": {
            "trigger": "minecraft:location",
			"conditions": {
				"player":  {
					"player": {
						"advancements": {
							"minecraft:building/gold_block": "true"
						}
					}
				}
			}
        },
		"iron_bl": {
            "trigger": "minecraft:location",
			"conditions": {
				"player":  {
					"player": {
						"advancements": {
							"minecraft:building/iron_block": "true"
						}
					}
				}
			}
        },
		"torches": {
            "trigger": "minecraft:location",
			"conditions": {
				"player":  {
					"player": {
						"advancements": {
							"minecraft:building/many_torches": "true"
						}
					}
				}
			}
        },
		"mine_deepslate": {
            "trigger": "minecraft:location",
			"conditions": {
				"player":  {
					"player": {
						"advancements": {
							"minecraft:building/mine_deepslate": "true"
						}
					}
				}
			}
        },
		"build_root": {
            "trigger": "minecraft:location",
			"conditions": {
				"player":  {
					"player": {
						"advancements": {
							"minecraft:building/root": "true"
						}
					}
				}
			}
        },
		"sand": {
            "trigger": "minecraft:location",
			"conditions": {
				"player":  {
					"player": {
						"advancements": {
							"minecraft:building/sand": "true"
						}
					}
				}
			}
        },
		"get_stone": {
            "trigger": "minecraft:location",
			"conditions": {
				"player":  {
					"player": {
						"advancements": {
							"minecraft:building/stone": "true"
						}
					}
				}
			}
        },
		"stone_brick": {
            "trigger": "minecraft:location",
			"conditions": {
				"player":  {
					"player": {
						"advancements": {
							"minecraft:building/stone_brick": "true"
						}
					}
				}
			}
        },
		"torch": {
            "trigger": "minecraft:location",
			"conditions": {
				"player":  {
					"player": {
						"advancements": {
							"minecraft:building/torch": "true"
						}
					}
				}
			}
        },
		"dragon_breath": {
            "trigger": "minecraft:location",
			"conditions": {
				"player":  {
					"player": {
						"advancements": {
							"minecraft:end/dragon_breath": "true"
						}
					}
				}
			}
        },
        "dragon_egg": {
            "trigger": "minecraft:location",
			"conditions": {
				"player":  {
					"player": {
						"advancements": {
							"minecraft:end/dragon_egg": "true"
						}
					}
				}
			}
        },
        "dragon_hunter": {
            "trigger": "minecraft:location",
			"conditions": {
				"player":  {
					"player": {
						"advancements": {
							"minecraft:end/dragon_hunter": "true"
						}
					}
				}
			}
        },
		"elytra": {
            "trigger": "minecraft:location",
			"conditions": {
				"player":  {
					"player": {
						"advancements": {
							"minecraft:end/elytra": "true"
						}
					}
				}
			}
        },
		"elytra_broken": {
            "trigger": "minecraft:location",
			"conditions": {
				"player":  {
					"player": {
						"advancements": {
							"minecraft:end/elytra_broken": "true"
						}
					}
				}
			}
        },
		"enter_end_gateway": {
            "trigger": "minecraft:location",
			"conditions": {
				"player":  {
					"player": {
						"advancements": {
							"minecraft:end/enter_end_gateway": "true"
						}
					}
				}
			}
        },
		"find_end_city": {
            "trigger": "minecraft:location",
			"conditions": {
				"player":  {
					"player": {
						"advancements": {
							"minecraft:end/find_end_city": "true"
						}
					}
				}
			}
        },
		"hurt_by_shulker": {
            "trigger": "minecraft:location",
			"conditions": {
				"player":  {
					"player": {
						"advancements": {
							"minecraft:end/hurt_by_shulker": "true"
						}
					}
				}
			}
        },
		"kill_dragon": {
            "trigger": "minecraft:location",
			"conditions": {
				"player":  {
					"player": {
						"advancements": {
							"minecraft:end/kill_dragon": "true"
						}
					}
				}
			}
        },
		"kill_dragon_again": {
            "trigger": "minecraft:location",
			"conditions": {
				"player":  {
					"player": {
						"advancements": {
							"minecraft:end/kill_dragon_again": "true"
						}
					}
				}
			}
        },
		"levitate": {
            "trigger": "minecraft:location",
			"conditions": {
				"player":  {
					"player": {
						"advancements": {
							"minecraft:end/levitate": "true"
						}
					}
				}
			}
        },
		"moon": {
            "trigger": "minecraft:location",
			"conditions": {
				"player":  {
					"player": {
						"advancements": {
							"minecraft:end/moon": "true"
						}
					}
				}
			}
        },
		"respawn_dragon": {
            "trigger": "minecraft:location",
			"conditions": {
				"player":  {
					"player": {
						"advancements": {
							"minecraft:end/respawn_dragon": "true"
						}
					}
				}
			}
        },
		"end_root": {
            "trigger": "minecraft:location",
			"conditions": {
				"player":  {
					"player": {
						"advancements": {
							"minecraft:end/root": "true"
						}
					}
				}
			}
        },
		"axolotl": {
            "trigger": "minecraft:location",
			"conditions": {
				"player":  {
					"player": {
						"advancements": {
							"minecraft:husbandry/axolotl_in_a_bucket": "true"
						}
					}
				}
			}
        },
        "balanced": {
            "trigger": "minecraft:location",
			"conditions": {
				"player":  {
					"player": {
						"advancements": {
							"minecraft:husbandry/balanced_diet": "true"
						}
					}
				}
			}
        },
        "bread": {
            "trigger": "minecraft:location",
			"conditions": {
				"player":  {
					"player": {
						"advancements": {
							"minecraft:husbandry/bread": "true"
						}
					}
				}
			}
        },
		"break_netherite_hoe": {
            "trigger": "minecraft:location",
			"conditions": {
				"player":  {
					"player": {
						"advancements": {
							"minecraft:husbandry/break_netherite_hoe": "true"
						}
					}
				}
			}
        },
		"bred_all_animals": {
            "trigger": "minecraft:location",
			"conditions": {
				"player":  {
					"player": {
						"advancements": {
							"minecraft:husbandry/bred_all_animals": "true"
						}
					}
				}
			}
        },
		"breed_animal": {
            "trigger": "minecraft:location",
			"conditions": {
				"player":  {
					"player": {
						"advancements": {
							"minecraft:husbandry/breed_an_animal": "true"
						}
					}
				}
			}
        },
		"catalogue": {
            "trigger": "minecraft:location",
			"conditions": {
				"player":  {
					"player": {
						"advancements": {
							"minecraft:husbandry/complete_catalogue": "true"
						}
					}
				}
			}
        },
		"cake": {
            "trigger": "minecraft:location",
			"conditions": {
				"player":  {
					"player": {
						"advancements": {
							"minecraft:husbandry/cake": "true"
						}
					}
				}
			}
        },
		"fish": {
            "trigger": "minecraft:location",
			"conditions": {
				"player":  {
					"player": {
						"advancements": {
							"minecraft:husbandry/fishy_business": "true"
						}
					}
				}
			}
        },
		"kill_axoloti": {
            "trigger": "minecraft:location",
			"conditions": {
				"player":  {
					"player": {
						"advancements": {
							"minecraft:husbandry/kill_axolotl_target": "true"
						}
					}
				}
			}
        },
		"sign": {
            "trigger": "minecraft:location",
			"conditions": {
				"player":  {
					"player": {
						"advancements": {
							"minecraft:husbandry/make_a_sign_glow": "true"
						}
					}
				}
			}
        },
		"netherite_hoe": {
            "trigger": "minecraft:location",
			"conditions": {
				"player":  {
					"player": {
						"advancements": {
							"minecraft:husbandry/obtain_netherite_hoe": "true"
						}
					}
				}
			}
        },
		"overpowered": {
            "trigger": "minecraft:location",
			"conditions": {
				"player":  {
					"player": {
						"advancements": {
							"minecraft:husbandry/overpowered": "true"
						}
					}
				}
			}
        },
		"seed": {
            "trigger": "minecraft:location",
			"conditions": {
				"player":  {
					"player": {
						"advancements": {
							"minecraft:husbandry/plant_seed": "true"
						}
					}
				}
			}
        },
		"boat": {
            "trigger": "minecraft:location",
			"conditions": {
				"player":  {
					"player": {
						"advancements": {
							"minecraft:husbandry/ride_a_boat_with_a_goat": "true"
						}
					}
				}
			}
        },
		"husbandry_root": {
            "trigger": "minecraft:location",
			"conditions": {
				"player":  {
					"player": {
						"advancements": {
							"minecraft:husbandry/root": "true"
						}
					}
				}
			}
        },
		"safe_honey": {
            "trigger": "minecraft:location",
			"conditions": {
				"player":  {
					"player": {
						"advancements": {
							"minecraft:husbandry/safely_harvest_honey": "true"
						}
					}
				}
			}
        },
		"slik": {
            "trigger": "minecraft:location",
			"conditions": {
				"player":  {
					"player": {
						"advancements": {
							"minecraft:husbandry/silk_touch_nest": "true"
						}
					}
				}
			}
        },
		"fishing": {
            "trigger": "minecraft:location",
			"conditions": {
				"player":  {
					"player": {
						"advancements": {
							"minecraft:husbandry/tactical_fishing": "true"
						}
					}
				}
			}
        },
		"tame": {
            "trigger": "minecraft:location",
			"conditions": {
				"player":  {
					"player": {
						"advancements": {
							"minecraft:husbandry/tame_an_animal": "true"
						}
					}
				}
			}
        },
		"wax_off": {
            "trigger": "minecraft:location",
			"conditions": {
				"player":  {
					"player": {
						"advancements": {
							"minecraft:husbandry/wax_off": "true"
						}
					}
				}
			}
        },
		"wax_on": {
            "trigger": "minecraft:location",
			"conditions": {
				"player":  {
					"player": {
						"advancements": {
							"minecraft:husbandry/wax_on": "true"
						}
					}
				}
			}
        },
		"effect": {
            "trigger": "minecraft:location",
			"conditions": {
				"player":  {
					"player": {
						"advancements": {
							"minecraft:nether/all_effects": "true"
						}
					}
				}
			}
        },
        "effect_two": {
            "trigger": "minecraft:location",
			"conditions": {
				"player":  {
					"player": {
						"advancements": {
							"minecraft:nether/all_potions": "true"
						}
					}
				}
			}
        },
		"potion": {
            "trigger": "minecraft:location",
			"conditions": {
				"player":  {
					"player": {
						"advancements": {
							"minecraft:nether/brew_potion": "true"
						}
					}
				}
			}
        },
		"respawn": {
            "trigger": "minecraft:location",
			"conditions": {
				"player":  {
					"player": {
						"advancements": {
							"minecraft:nether/charge_respawn_anchor": "true"
						}
					}
				}
			}
        },
		"beacon": {
            "trigger": "minecraft:location",
			"conditions": {
				"player":  {
					"player": {
						"advancements": {
							"minecraft:nether/create_beacon": "true"
						}
					}
				}
			}
        },
		"beacon_full": {
            "trigger": "minecraft:location",
			"conditions": {
				"player":  {
					"player": {
						"advancements": {
							"minecraft:nether/create_full_beacon": "true"
						}
					}
				}
			}
        },
		"piglin": {
            "trigger": "minecraft:location",
			"conditions": {
				"player":  {
					"player": {
						"advancements": {
							"minecraft:nether/distract_piglin": "true"
						}
					}
				}
			}
        },
		"explore_nether": {
            "trigger": "minecraft:location",
			"conditions": {
				"player":  {
					"player": {
						"advancements": {
							"minecraft:nether/explore_nether": "true"
						}
					}
				}
			}
        },
		"travel": {
            "trigger": "minecraft:location",
			"conditions": {
				"player":  {
					"player": {
						"advancements": {
							"minecraft:nether/fast_travel": "true"
						}
					}
				}
			}
        },
		"bastion": {
            "trigger": "minecraft:location",
			"conditions": {
				"player":  {
					"player": {
						"advancements": {
							"minecraft:nether/find_bastion": "true"
						}
					}
				}
			}
        },
		"fortress": {
            "trigger": "minecraft:location",
			"conditions": {
				"player":  {
					"player": {
						"advancements": {
							"minecraft:nether/find_fortress": "true"
						}
					}
				}
			}
        },
		"wither_skull": {
            "trigger": "minecraft:location",
			"conditions": {
				"player":  {
					"player": {
						"advancements": {
							"minecraft:nether/get_wither_skull": "true"
						}
					}
				}
			}
        },
		"kill_wither": {
            "trigger": "minecraft:location",
			"conditions": {
				"player":  {
					"player": {
						"advancements": {
							"minecraft:nether/kill_wither": "true"
						}
					}
				}
			}
        },
		"chest": {
            "trigger": "minecraft:location",
			"conditions": {
				"player":  {
					"player": {
						"advancements": {
							"minecraft:nether/loot_bastion": "true"
						}
					}
				}
			}
        },
		"netherite_armor": {
            "trigger": "minecraft:location",
			"conditions": {
				"player":  {
					"player": {
						"advancements": {
							"minecraft:nether/netherite_armor": "true"
						}
					}
				}
			}
        },
		"debris": {
            "trigger": "minecraft:location",
			"conditions": {
				"player":  {
					"player": {
						"advancements": {
							"minecraft:nether/obtain_ancient_debris": "true"
						}
					}
				}
			}
        },
		"blaze": {
            "trigger": "minecraft:location",
			"conditions": {
				"player":  {
					"player": {
						"advancements": {
							"minecraft:nether/obtain_blaze_rod": "true"
						}
					}
				}
			}
        },
		"cry_obsidian": {
            "trigger": "minecraft:location",
			"conditions": {
				"player":  {
					"player": {
						"advancements": {
							"minecraft:nether/obtain_crying_obsidian": "true"
						}
					}
				}
			}
        },
		"ghast_fire": {
            "trigger": "minecraft:location",
			"conditions": {
				"player":  {
					"player": {
						"advancements": {
							"minecraft:nether/return_to_sender": "true"
						}
					}
				}
			}
        },
		"strider": {
            "trigger": "minecraft:location",
			"conditions": {
				"player":  {
					"player": {
						"advancements": {
							"minecraft:nether/ride_strider": "true"
						}
					}
				}
			}
        },
		"swim_lava": {
            "trigger": "minecraft:location",
			"conditions": {
				"player":  {
					"player": {
						"advancements": {
							"minecraft:nether/swim_in_lava": "true"
						}
					}
				}
			}
        },
		"summon_wither": {
            "trigger": "minecraft:location",
			"conditions": {
				"player":  {
					"player": {
						"advancements": {
							"minecraft:nether/summon_wither": "true"
						}
					}
				}
			}
        },
		"ghast_overworld": {
            "trigger": "minecraft:location",
			"conditions": {
				"player":  {
					"player": {
						"advancements": {
							"minecraft:nether/uneasy_alliance": "true"
						}
					}
				}
			}
        },
		"lodestone": {
            "trigger": "minecraft:location",
			"conditions": {
				"player":  {
					"player": {
						"advancements": {
							"minecraft:nether/use_lodestone": "true"
						}
					}
				}
			}
        },
		"nether_root": {
            "trigger": "minecraft:location",
			"conditions": {
				"player":  {
					"player": {
						"advancements": {
							"minecraft:nether/root": "true"
						}
					}
				}
			}
        },
		"button": {
            "trigger": "minecraft:location",
			"conditions": {
				"player":  {
					"player": {
						"advancements": {
							"minecraft:redstone/button": "true"
						}
					}
				}
			}
        },
		"chest_minecart": {
            "trigger": "minecraft:location",
			"conditions": {
				"player":  {
					"player": {
						"advancements": {
							"minecraft:redstone/chest_minecart": "true"
						}
					}
				}
			}
        },
		"door": {
            "trigger": "minecraft:location",
			"conditions": {
				"player":  {
					"player": {
						"advancements": {
							"minecraft:redstone/door": "true"
						}
					}
				}
			}
        },
		"mineshaft": {
            "trigger": "minecraft:location",
			"conditions": {
				"player":  {
					"player": {
						"advancements": {
							"minecraft:redstone/find_mineshaft": "true"
						}
					}
				}
			}
        },
		"furnace_minecart": {
            "trigger": "minecraft:location",
			"conditions": {
				"player":  {
					"player": {
						"advancements": {
							"minecraft:redstone/furnace_minecart": "true"
						}
					}
				}
			}
        },
		"iron_door": {
            "trigger": "minecraft:location",
			"conditions": {
				"player":  {
					"player": {
						"advancements": {
							"minecraft:redstone/iron_door": "true"
						}
					}
				}
			}
        },
		"lamp": {
            "trigger": "minecraft:location",
			"conditions": {
				"player":  {
					"player": {
						"advancements": {
							"minecraft:redstone/lamp": "true"
						}
					}
				}
			}
        },
		"lever": {
            "trigger": "minecraft:location",
			"conditions": {
				"player":  {
					"player": {
						"advancements": {
							"minecraft:redstone/lever": "true"
						}
					}
				}
			}
        },
		"minecart": {
            "trigger": "minecraft:location",
			"conditions": {
				"player":  {
					"player": {
						"advancements": {
							"minecraft:redstone/minecart": "true"
						}
					}
				}
			}
        },
		"on_a_rail": {
            "trigger": "minecraft:location",
			"conditions": {
				"player":  {
					"player": {
						"advancements": {
							"minecraft:redstone/on_a_rail": "true"
						}
					}
				}
			}
        },
		"plate": {
            "trigger": "minecraft:location",
			"conditions": {
				"player":  {
					"player": {
						"advancements": {
							"minecraft:redstone/plate": "true"
						}
					}
				}
			}
        },
		"powered_rail": {
            "trigger": "minecraft:location",
			"conditions": {
				"player":  {
					"player": {
						"advancements": {
							"minecraft:redstone/powered_rail": "true"
						}
					}
				}
			}
        },
		"rail": {
            "trigger": "minecraft:location",
			"conditions": {
				"player":  {
					"player": {
						"advancements": {
							"minecraft:redstone/rail": "true"
						}
					}
				}
			}
        },
		"power_torch": {
            "trigger": "minecraft:location",
			"conditions": {
				"player":  {
					"player": {
						"advancements": {
							"minecraft:redstone/redstone_torch": "true"
						}
					}
				}
			}
        },
		"repeater": {
            "trigger": "minecraft:location",
			"conditions": {
				"player":  {
					"player": {
						"advancements": {
							"minecraft:redstone/repeater": "true"
						}
					}
				}
			}
        },
		"redstone_root": {
            "trigger": "minecraft:location",
			"conditions": {
				"player":  {
					"player": {
						"advancements": {
							"minecraft:redstone/root": "true"
						}
					}
				}
			}
        },
		"solar": {
            "trigger": "minecraft:location",
			"conditions": {
				"player":  {
					"player": {
						"advancements": {
							"minecraft:redstone/solar_power": "true"
						}
					}
				}
			}
        },
		"tnt": {
            "trigger": "minecraft:location",
			"conditions": {
				"player":  {
					"player": {
						"advancements": {
							"minecraft:redstone/tnt": "true"
						}
					}
				}
			}
        },
		"trapped_chest": {
            "trigger": "minecraft:location",
			"conditions": {
				"player":  {
					"player": {
						"advancements": {
							"minecraft:redstone/trapped_chest": "true"
						}
					}
				}
			}
        },
		"dimension": {
            "trigger": "minecraft:location",
			"conditions": {
				"player":  {
					"player": {
						"advancements": {
							"minecraft:story/all_dimensions": "true"
						}
					}
				}
			}
        },
		"zombie_villager": {
            "trigger": "minecraft:location",
			"conditions": {
				"player":  {
					"player": {
						"advancements": {
							"minecraft:story/cure_zombie_villager": "true"
						}
					}
				}
			}
        },
        "arrow": {
            "trigger": "minecraft:location",
			"conditions": {
				"player":  {
					"player": {
						"advancements": {
							"minecraft:story/deflect_arrow": "true"
						}
					}
				}
			}
        },
		"enchant": {
            "trigger": "minecraft:location",
			"conditions": {
				"player":  {
					"player": {
						"advancements": {
							"minecraft:story/enchant_item": "true"
						}
					}
				}
			}
        },
		"end": {
            "trigger": "minecraft:location",
			"conditions": {
				"player":  {
					"player": {
						"advancements": {
							"minecraft:story/enter_the_end": "true"
						}
					}
				}
			}
        },
		"nether": {
            "trigger": "minecraft:location",
			"conditions": {
				"player":  {
					"player": {
						"advancements": {
							"minecraft:story/enter_the_nether": "true"
						}
					}
				}
			}
        },
		"stronghold": {
            "trigger": "minecraft:location",
			"conditions": {
				"player":  {
					"player": {
						"advancements": {
							"minecraft:story/follow_ender_eye": "true"
						}
					}
				}
			}
        },
		"obsidian": {
            "trigger": "minecraft:location",
			"conditions": {
				"player":  {
					"player": {
						"advancements": {
							"minecraft:story/form_obsidian": "true"
						}
					}
				}
			}
        },
		"furnace": {
            "trigger": "minecraft:location",
			"conditions": {
				"player":  {
					"player": {
						"advancements": {
							"minecraft:story/furnace": "true"
						}
					}
				}
			}
        },
		"hoe": {
            "trigger": "minecraft:location",
			"conditions": {
				"player":  {
					"player": {
						"advancements": {
							"minecraft:story/hoe": "true"
						}
					}
				}
			}
        },
		"lava": {
            "trigger": "minecraft:location",
			"conditions": {
				"player":  {
					"player": {
						"advancements": {
							"minecraft:story/lava_bucket": "true"
						}
					}
				}
			}
        },
		"diamond": {
            "trigger": "minecraft:location",
			"conditions": {
				"player":  {
					"player": {
						"advancements": {
							"minecraft:story/mine_diamond": "true"
						}
					}
				}
			}
        },
		"stone": {
            "trigger": "minecraft:location",
			"conditions": {
				"player":  {
					"player": {
						"advancements": {
							"minecraft:story/mine_stone": "true"
						}
					}
				}
			}
        },
		"log": {
            "trigger": "minecraft:location",
			"conditions": {
				"player":  {
					"player": {
						"advancements": {
							"minecraft:story/oak_log": "true"
						}
					}
				}
			}
        },
		"armor": {
            "trigger": "minecraft:location",
			"conditions": {
				"player":  {
					"player": {
						"advancements": {
							"minecraft:story/obtain_armor": "true"
						}
					}
				}
			}
        },
		"pickaxe": {
            "trigger": "minecraft:location",
			"conditions": {
				"player":  {
					"player": {
						"advancements": {
							"minecraft:story/pickaxe": "true"
						}
					}
				}
			}
        },
		"obtain_diamond_armor": {
            "trigger": "minecraft:location",
			"conditions": {
				"player":  {
					"player": {
						"advancements": {
							"minecraft:story/shiny_gear": "true"
						}
					}
				}
			}
        },
		"iron": {
            "trigger": "minecraft:location",
			"conditions": {
				"player":  {
					"player": {
						"advancements": {
							"minecraft:story/smelt_iron": "true"
						}
					}
				}
			}
        },
		"sword": {
            "trigger": "minecraft:location",
			"conditions": {
				"player":  {
					"player": {
						"advancements": {
							"minecraft:story/sword": "true"
						}
					}
				}
			}
        },
		"new_pick": {
            "trigger": "minecraft:location",
			"conditions": {
				"player":  {
					"player": {
						"advancements": {
							"minecraft:story/upgrade_tools": "true"
						}
					}
				}
			}
        },
		"workbench": {
            "trigger": "minecraft:location",
			"conditions": {
				"player":  {
					"player": {
						"advancements": {
							"minecraft:story/workbench": "true"
						}
					}
				}
			}
        },
		"story_root": {
            "trigger": "minecraft:location",
			"conditions": {
				"player":  {
					"player": {
						"advancements": {
							"minecraft:story/root": "true"
						}
					}
				}
			}
        },
		"lava_bucket_spyglass": {
            "trigger": "minecraft:location",
			"conditions": {
				"player":  {
					"player": {
						"advancements": {
							"minecraft:spyglass/lava_bucket_spyglass": "true"
						}
					}
				}
			}
        },
        "spyglass_root": {
            "trigger": "minecraft:location",
			"conditions": {
				"player":  {
					"player": {
						"advancements": {
							"minecraft:spyglass/root": "true"
						}
					}
				}
			}
        },
		"spyglass_at_bat": {
            "trigger": "minecraft:location",
			"conditions": {
				"player":  {
					"player": {
						"advancements": {
							"minecraft:spyglass/spyglass_at_bat": "true"
						}
					}
				}
			}
        },
		"spyglass_at_bee": {
            "trigger": "minecraft:location",
			"conditions": {
				"player":  {
					"player": {
						"advancements": {
							"minecraft:spyglass/spyglass_at_bee": "true"
						}
					}
				}
			}
        },
		"spyglass_at_boat": {
            "trigger": "minecraft:location",
			"conditions": {
				"player":  {
					"player": {
						"advancements": {
							"minecraft:spyglass/spyglass_at_boat": "true"
						}
					}
				}
			}
        },
		"spyglass_at_chicken": {
            "trigger": "minecraft:location",
			"conditions": {
				"player":  {
					"player": {
						"advancements": {
							"minecraft:spyglass/spyglass_at_chicken": "true"
						}
					}
				}
			}
        },
		"spyglass_at_cow": {
            "trigger": "minecraft:location",
			"conditions": {
				"player":  {
					"player": {
						"advancements": {
							"minecraft:spyglass/spyglass_at_cow": "true"
						}
					}
				}
			}
        },
		"spyglass_at_creeper": {
            "trigger": "minecraft:location",
			"conditions": {
				"player":  {
					"player": {
						"advancements": {
							"minecraft:spyglass/spyglass_at_creeper": "true"
						}
					}
				}
			}
        },
		"spyglass_at_enderman": {
            "trigger": "minecraft:location",
			"conditions": {
				"player":  {
					"player": {
						"advancements": {
							"minecraft:spyglass/spyglass_at_enderman": "true"
						}
					}
				}
			}
        },
		"spyglass_at_ender_pearl": {
            "trigger": "minecraft:location",
			"conditions": {
				"player":  {
					"player": {
						"advancements": {
							"minecraft:spyglass/spyglass_at_ender_pearl": "true"
						}
					}
				}
			}
        },
		"spyglass_at_goat": {
            "trigger": "minecraft:location",
			"conditions": {
				"player":  {
					"player": {
						"advancements": {
							"minecraft:spyglass/spyglass_at_goat": "true"
						}
					}
				}
			}
        },
		"spyglass_at_horse": {
            "trigger": "minecraft:location",
			"conditions": {
				"player":  {
					"player": {
						"advancements": {
							"minecraft:spyglass/spyglass_at_horse": "true"
						}
					}
				}
			}
        },
		"spyglass_at_minecart": {
            "trigger": "minecraft:location",
			"conditions": {
				"player":  {
					"player": {
						"advancements": {
							"minecraft:spyglass/spyglass_at_minecart": "true"
						}
					}
				}
			}
        },
		"spyglass_at_minecart_chest": {
            "trigger": "minecraft:location",
			"conditions": {
				"player":  {
					"player": {
						"advancements": {
							"minecraft:spyglass/spyglass_at_minecart_chest": "true"
						}
					}
				}
			}
        },
		"spyglass_at_panda": {
            "trigger": "minecraft:location",
			"conditions": {
				"player":  {
					"player": {
						"advancements": {
							"minecraft:spyglass/spyglass_at_panda": "true"
						}
					}
				}
			}
        },
		"spyglass_at_pig": {
            "trigger": "minecraft:location",
			"conditions": {
				"player":  {
					"player": {
						"advancements": {
							"minecraft:spyglass/spyglass_at_pig": "true"
						}
					}
				}
			}
        },
		"spyglass_at_piglin": {
            "trigger": "minecraft:location",
			"conditions": {
				"player":  {
					"player": {
						"advancements": {
							"minecraft:spyglass/spyglass_at_piglin": "true"
						}
					}
				}
			}
        },
		"spyglass_at_piglin_brute": {
            "trigger": "minecraft:location",
			"conditions": {
				"player":  {
					"player": {
						"advancements": {
							"minecraft:spyglass/spyglass_at_piglin_brute": "true"
						}
					}
				}
			}
        },
		"spyglass_at_pillager": {
            "trigger": "minecraft:location",
			"conditions": {
				"player":  {
					"player": {
						"advancements": {
							"minecraft:spyglass/spyglass_at_pillager": "true"
						}
					}
				}
			}
        },
		"spyglass_at_sheep": {
            "trigger": "minecraft:location",
			"conditions": {
				"player":  {
					"player": {
						"advancements": {
							"minecraft:spyglass/spyglass_at_sheep": "true"
						}
					}
				}
			}
        },
		"spyglass_at_skeleton": {
            "trigger": "minecraft:location",
			"conditions": {
				"player":  {
					"player": {
						"advancements": {
							"minecraft:spyglass/spyglass_at_skeleton": "true"
						}
					}
				}
			}
        },
		"spyglass_at_snowball": {
            "trigger": "minecraft:location",
			"conditions": {
				"player":  {
					"player": {
						"advancements": {
							"minecraft:spyglass/spyglass_at_snowball": "true"
						}
					}
				}
			}
        },
		"spyglass_at_villager": {
            "trigger": "minecraft:location",
			"conditions": {
				"player":  {
					"player": {
						"advancements": {
							"minecraft:spyglass/spyglass_at_villager": "true"
						}
					}
				}
			}
        },
		"spyglass_at_wither": {
            "trigger": "minecraft:location",
			"conditions": {
				"player":  {
					"player": {
						"advancements": {
							"minecraft:spyglass/spyglass_at_wither": "true"
						}
					}
				}
			}
        },
		"spyglass_at_wither_skeleton": {
            "trigger": "minecraft:location",
			"conditions": {
				"player":  {
					"player": {
						"advancements": {
							"minecraft:spyglass/spyglass_at_wither_skeleton": "true"
						}
					}
				}
			}
        },
		"spyglass_at_wolf": {
            "trigger": "minecraft:location",
			"conditions": {
				"player":  {
					"player": {
						"advancements": {
							"minecraft:spyglass/spyglass_at_wolf": "true"
						}
					}
				}
			}
        },
		"spyglass_at_zombie": {
            "trigger": "minecraft:location",
			"conditions": {
				"player":  {
					"player": {
						"advancements": {
							"minecraft:spyglass/spyglass_at_zombie": "true"
						}
					}
				}
			}
        },
		"water_bucket_spyglass": {
            "trigger": "minecraft:location",
			"conditions": {
				"player":  {
					"player": {
						"advancements": {
							"minecraft:spyglass/water_bucket_spyglass": "true"
						}
					}
				}
			}
        },
		"player_death": {
            "trigger": "minecraft:location",
			"conditions": {
				"player":  {
					"player": {
						"advancements": {
							"minecraft:stat/death": "true"
						}
					}
				}
			}
        },
		"player_death_2": {
            "trigger": "minecraft:location",
			"conditions": {
				"player":  {
					"player": {
						"advancements": {
							"minecraft:stat/death_2": "true"
						}
					}
				}
			}
        },
		"player_death_3": {
            "trigger": "minecraft:location",
			"conditions": {
				"player":  {
					"player": {
						"advancements": {
							"minecraft:stat/death_3": "true"
						}
					}
				}
			}
        },
		"mpickaxe": {
            "trigger": "minecraft:location",
			"conditions": {
				"player":  {
					"player": {
						"advancements": {
							"minecraft:stat/many_pickaxe": "true"
						}
					}
				}
			}
        },
		"mpickaxe_2": {
            "trigger": "minecraft:location",
			"conditions": {
				"player":  {
					"player": {
						"advancements": {
							"minecraft:stat/many_pickaxe_2": "true"
						}
					}
				}
			}
        },
		"mpickaxe_3": {
            "trigger": "minecraft:location",
			"conditions": {
				"player":  {
					"player": {
						"advancements": {
							"minecraft:stat/many_pickaxe_3": "true"
						}
					}
				}
			}
        },
		"mpickaxe_4": {
            "trigger": "minecraft:location",
			"conditions": {
				"player":  {
					"player": {
						"advancements": {
							"minecraft:stat/many_pickaxe_4": "true"
						}
					}
				}
			}
        },
		"play_time": {
            "trigger": "minecraft:location",
			"conditions": {
				"player":  {
					"player": {
						"advancements": {
							"minecraft:stat/play_time": "true"
						}
					}
				}
			}
        },
		"play_time_2": {
            "trigger": "minecraft:location",
			"conditions": {
				"player":  {
					"player": {
						"advancements": {
							"minecraft:stat/play_time_2": "true"
						}
					}
				}
			}
        },
		"play_time_3": {
            "trigger": "minecraft:location",
			"conditions": {
				"player":  {
					"player": {
						"advancements": {
							"minecraft:stat/play_time_3": "true"
						}
					}
				}
			}
        },
		"play_time_4": {
            "trigger": "minecraft:location",
			"conditions": {
				"player":  {
					"player": {
						"advancements": {
							"minecraft:stat/play_time_4": "true"
						}
					}
				}
			}
        },
		"play_time_5": {
            "trigger": "minecraft:location",
			"conditions": {
				"player":  {
					"player": {
						"advancements": {
							"minecraft:stat/play_time_5": "true"
						}
					}
				}
			}
        },
		"raid": {
            "trigger": "minecraft:location",
			"conditions": {
				"player":  {
					"player": {
						"advancements": {
							"minecraft:stat/raid": "true"
						}
					}
				}
			}
        },
		"raid_2": {
            "trigger": "minecraft:location",
			"conditions": {
				"player":  {
					"player": {
						"advancements": {
							"minecraft:stat/raid_2": "true"
						}
					}
				}
			}
        },
		"raid_3": {
            "trigger": "minecraft:location",
			"conditions": {
				"player":  {
					"player": {
						"advancements": {
							"minecraft:stat/raid_3": "true"
						}
					}
				}
			}
        },
		"stat_root": {
            "trigger": "minecraft:location",
			"conditions": {
				"player":  {
					"player": {
						"advancements": {
							"minecraft:stat/root": "true"
						}
					}
				}
			}
        },
		"stones": {
            "trigger": "minecraft:location",
			"conditions": {
				"player":  {
					"player": {
						"advancements": {
							"minecraft:stat/stones": "true"
						}
					}
				}
			}
        },
		"stones_2": {
            "trigger": "minecraft:location",
			"conditions": {
				"player":  {
					"player": {
						"advancements": {
							"minecraft:stat/stones_2": "true"
						}
					}
				}
			}
        },
		"stones_3": {
            "trigger": "minecraft:location",
			"conditions": {
				"player":  {
					"player": {
						"advancements": {
							"minecraft:stat/stones_3": "true"
						}
					}
				}
			}
        },
		"all_adv_adv": {
            "trigger": "minecraft:location",
			"conditions": {
				"player":  {
					"player": {
						"advancements": {
							"minecraft:advcollect/all_adv_adventure": "true"
						}
					}
				}
			}
        },
		"all_adv_biome": {
            "trigger": "minecraft:location",
			"conditions": {
				"player":  {
					"player": {
						"advancements": {
							"minecraft:advcollect/all_adv_biome": "true"
						}
					}
				}
			}
        },
		"all_adv_building": {
            "trigger": "minecraft:location",
			"conditions": {
				"player":  {
					"player": {
						"advancements": {
							"minecraft:advcollect/all_adv_building": "true"
						}
					}
				}
			}
        },
		"all_adv_end": {
            "trigger": "minecraft:location",
			"conditions": {
				"player":  {
					"player": {
						"advancements": {
							"minecraft:advcollect/all_adv_end": "true"
						}
					}
				}
			}
        },
		"all_adv_fight": {
            "trigger": "minecraft:location",
			"conditions": {
				"player":  {
					"player": {
						"advancements": {
							"minecraft:advcollect/all_adv_fight": "true"
						}
					}
				}
			}
        },
		"all_adv_husbandry": {
            "trigger": "minecraft:location",
			"conditions": {
				"player":  {
					"player": {
						"advancements": {
							"minecraft:advcollect/all_adv_husbandry": "true"
						}
					}
				}
			}
        },
		"all_adv_nether": {
            "trigger": "minecraft:location",
			"conditions": {
				"player":  {
					"player": {
						"advancements": {
							"minecraft:advcollect/all_adv_nether": "true"
						}
					}
				}
			}
        },
		"all_adv_story": {
            "trigger": "minecraft:location",
			"conditions": {
				"player":  {
					"player": {
						"advancements": {
							"minecraft:advcollect/all_adv_story": "true"
						}
					}
				}
			}
        },
		"all_adv_spyglass": {
            "trigger": "minecraft:location",
			"conditions": {
				"player":  {
					"player": {
						"advancements": {
							"minecraft:advcollect/all_adv_spyglass": "true"
						}
					}
				}
			}
        },
		"all_adv_stat": {
            "trigger": "minecraft:location",
			"conditions": {
				"player":  {
					"player": {
						"advancements": {
							"minecraft:advcollect/all_adv_stat": "true"
						}
					}
				}
			}
        },
		"all_adv_redstone": {
            "trigger": "minecraft:location",
			"conditions": {
				"player":  {
					"player": {
						"advancements": {
							"minecraft:advcollect/all_adv_redstone": "true"
						}
					}
				}
			}
        },
		"all_adv_root": {
            "trigger": "minecraft:location",
			"conditions": {
				"player":  {
					"player": {
						"advancements": {
							"minecraft:advcollect/root": "true"
						}
					}
				}
			}
        }
    }
}