{
    "display": {
        "icon": {
            "item": "minecraft:wooden_pickaxe"
        },
        "title": {"translate":"采矿时间到！"},
        "description": {"translate":"用木板和木棍制作木镐"}
    },
    "parent": "minecraft:story/workbench",
	"rewards": {
		"function": "minecraft:mcstory/pickaxe"
    },		
    "criteria": {
        "wooden_pickaxe": {
            "trigger": "minecraft:inventory_changed",
            "conditions": {
                "items": [
                    {
						"items": [
							"minecraft:wooden_pickaxe"
						]
                    }
                ]
            }
        },
        "stone_pickaxe": {
            "trigger": "minecraft:inventory_changed",
            "conditions": {
                "items": [
                    {
						"items": [
							"minecraft:stone_pickaxe"
						]
                    }
                ]
            }
        },
        "iron_pickaxe": {
            "trigger": "minecraft:inventory_changed",
            "conditions": {
                "items": [
                    {
						"items": [
							"minecraft:iron_pickaxe"
						]
                    }
                ]
            }
        },
        "diamond_pickaxe": {
            "trigger": "minecraft:inventory_changed",
            "conditions": {
                "items": [
                    {
						"items": [
							"minecraft:diamond_pickaxe"
						]
                    }
                ]
            }
        },
        "golden_pickaxe": {
            "trigger": "minecraft:inventory_changed",
            "conditions": {
                "items": [
                    {
						"items": [
							"minecraft:golden_pickaxe"
						]
                    }
                ]
            }
        },
        "netherite_pickaxe": {
            "trigger": "minecraft:inventory_changed",
            "conditions": {
                "items": [
                    {
						"items": [
							"minecraft:netherite_pickaxe"
						]
                    }
                ]
            }
        }
    },
    "requirements": [
		[
        "wooden_pickaxe",
        "stone_pickaxe",
		"iron_pickaxe",
		"diamond_pickaxe",
		"golden_pickaxe",
		"netherite_pickaxe"
		]
    ]
}