{
  "parent": "minecraft:story/mine_stone",
  "display": {
    "icon": {
      "item": "minecraft:stone_pickaxe",
      "nbt": "{Damage:0}"
    },
    "title": {
      "translate": "advancements.story.upgrade_tools.title"
    },
    "description": {
      "translate": "advancements.story.upgrade_tools.description"
    },
    "frame": "task",
    "show_toast": true,
    "announce_to_chat": true,
    "hidden": false
  },
  "rewards": {
    "experience": 10
  },
  "criteria": {
    "stone_pickaxe": {
      "trigger": "minecraft:inventory_changed",
      "conditions": {
        "items": [
          {
            "items": [
              "minecraft:stone_pickaxe"
            ]
          }
        ]
      }
    }
  },
  "requirements": [
    [
      "stone_pickaxe"
    ]
  ]
}