{
    "display": {
        "icon": {
            "item": "minecraft:grass_block"
        },
        "title": {"translate":"Minecraft"},
        "description": {"translate":"完成所有 Minecraft 成就"},
		"frame": "challenge"
    },
    "parent": "minecraft:advcollect/root",
	"rewards": {
		"function": "minecraft:advcollect/all_adv_story",
		"experience": 1500
    },		
    "criteria": {
        "all_dimension": {
            "trigger": "minecraft:location",
			"conditions": {
				"player":  {
					"player": {
						"advancements": {
							"minecraft:story/all_dimensions": "true"
						}
					}
				}
			}
        },
        "zombie_villager": {
            "trigger": "minecraft:location",
			"conditions": {
				"player":  {
					"player": {
						"advancements": {
							"minecraft:story/cure_zombie_villager": "true"
						}
					}
				}
			}
        },
        "arrow": {
            "trigger": "minecraft:location",
			"conditions": {
				"player":  {
					"player": {
						"advancements": {
							"minecraft:story/deflect_arrow": "true"
						}
					}
				}
			}
        },
		"enchant": {
            "trigger": "minecraft:location",
			"conditions": {
				"player":  {
					"player": {
						"advancements": {
							"minecraft:story/enchant_item": "true"
						}
					}
				}
			}
        },
		"end": {
            "trigger": "minecraft:location",
			"conditions": {
				"player":  {
					"player": {
						"advancements": {
							"minecraft:story/enter_the_end": "true"
						}
					}
				}
			}
        },
		"nether": {
            "trigger": "minecraft:location",
			"conditions": {
				"player":  {
					"player": {
						"advancements": {
							"minecraft:story/enter_the_nether": "true"
						}
					}
				}
			}
        },
		"stronghold": {
            "trigger": "minecraft:location",
			"conditions": {
				"player":  {
					"player": {
						"advancements": {
							"minecraft:story/follow_ender_eye": "true"
						}
					}
				}
			}
        },
		"obsidian": {
            "trigger": "minecraft:location",
			"conditions": {
				"player":  {
					"player": {
						"advancements": {
							"minecraft:story/form_obsidian": "true"
						}
					}
				}
			}
        },
		"furnace": {
            "trigger": "minecraft:location",
			"conditions": {
				"player":  {
					"player": {
						"advancements": {
							"minecraft:story/furnace": "true"
						}
					}
				}
			}
        },
		"hoe": {
            "trigger": "minecraft:location",
			"conditions": {
				"player":  {
					"player": {
						"advancements": {
							"minecraft:story/hoe": "true"
						}
					}
				}
			}
        },
		"lava": {
            "trigger": "minecraft:location",
			"conditions": {
				"player":  {
					"player": {
						"advancements": {
							"minecraft:story/lava_bucket": "true"
						}
					}
				}
			}
        },
		"diamond": {
            "trigger": "minecraft:location",
			"conditions": {
				"player":  {
					"player": {
						"advancements": {
							"minecraft:story/mine_diamond": "true"
						}
					}
				}
			}
        },
		"stone": {
            "trigger": "minecraft:location",
			"conditions": {
				"player":  {
					"player": {
						"advancements": {
							"minecraft:story/mine_stone": "true"
						}
					}
				}
			}
        },
		"log": {
            "trigger": "minecraft:location",
			"conditions": {
				"player":  {
					"player": {
						"advancements": {
							"minecraft:story/oak_log": "true"
						}
					}
				}
			}
        },
		"armor": {
            "trigger": "minecraft:location",
			"conditions": {
				"player":  {
					"player": {
						"advancements": {
							"minecraft:story/obtain_armor": "true"
						}
					}
				}
			}
        },
		"pickaxe": {
            "trigger": "minecraft:location",
			"conditions": {
				"player":  {
					"player": {
						"advancements": {
							"minecraft:story/pickaxe": "true"
						}
					}
				}
			}
        },
		"diamond_armor": {
            "trigger": "minecraft:location",
			"conditions": {
				"player":  {
					"player": {
						"advancements": {
							"minecraft:story/shiny_gear": "true"
						}
					}
				}
			}
        },
		"iron": {
            "trigger": "minecraft:location",
			"conditions": {
				"player":  {
					"player": {
						"advancements": {
							"minecraft:story/smelt_iron": "true"
						}
					}
				}
			}
        },
		"sword": {
            "trigger": "minecraft:location",
			"conditions": {
				"player":  {
					"player": {
						"advancements": {
							"minecraft:story/sword": "true"
						}
					}
				}
			}
        },
		"new_pick": {
            "trigger": "minecraft:location",
			"conditions": {
				"player":  {
					"player": {
						"advancements": {
							"minecraft:story/upgrade_tools": "true"
						}
					}
				}
			}
        },
		"workbench": {
            "trigger": "minecraft:location",
			"conditions": {
				"player":  {
					"player": {
						"advancements": {
							"minecraft:story/workbench": "true"
						}
					}
				}
			}
        },
		"story_root": {
            "trigger": "minecraft:location",
			"conditions": {
				"player":  {
					"player": {
						"advancements": {
							"minecraft:story/root": "true"
						}
					}
				}
			}
        }
    }
}