{
    "display": {
        "icon": {
            "item": "minecraft:grass"
        },
        "title": {"translate":"生物群系探索"},
        "description": {"translate":"完成所有生物群系成就"},
		"frame": "challenge"
    },
    "parent": "minecraft:advcollect/root",
	"rewards": {
		"function": "minecraft:advcollect/all_adv_biome",
		"experience": 3000
    },		
    "criteria": {
        "all_biomes": {
            "trigger": "minecraft:location",
			"conditions": {
				"player":  {
					"player": {
						"advancements": {
							"minecraft:biome/adventuring_time_2": "true"
						}
					}
				}
			}
        },
		"creeper_biome": {
            "trigger": "minecraft:location",
			"conditions": {
				"player":  {
					"player": {
						"advancements": {
							"minecraft:biome/all_creeper_biome": "true"
						}
					}
				}
			}
        },
		"all_structure_biome": {
            "trigger": "minecraft:location",
			"conditions": {
				"player":  {
					"player": {
						"advancements": {
							"minecraft:biome/all_structure_biome": "true"
						}
					}
				}
			}
        },
		"bottom": {
            "trigger": "minecraft:location",
			"conditions": {
				"player":  {
					"player": {
						"advancements": {
							"minecraft:biome/bottom_of_the_world": "true"
						}
					}
				}
			}
        },
		"edge": {
            "trigger": "minecraft:location",
			"conditions": {
				"player":  {
					"player": {
						"advancements": {
							"minecraft:biome/edge_of_the_world": "true"
						}
					}
				}
			}
        },
		"water": {
            "trigger": "minecraft:location",
			"conditions": {
				"player":  {
					"player": {
						"advancements": {
							"minecraft:biome/enter_water": "true"
						}
					}
				}
			}
        },
		"creeper": {
            "trigger": "minecraft:location",
			"conditions": {
				"player":  {
					"player": {
						"advancements": {
							"minecraft:biome/kill_by_creeper": "true"
						}
					}
				}
			}
        },
		"leave_creeper": {
            "trigger": "minecraft:location",
			"conditions": {
				"player":  {
					"player": {
						"advancements": {
							"minecraft:biome/leave_creeper_world": "true"
						}
					}
				}
			}
        },
		"mushroom": {
            "trigger": "minecraft:location",
			"conditions": {
				"player":  {
					"player": {
						"advancements": {
							"minecraft:biome/mushroom_fields": "true"
						}
					}
				}
			}
        },
		"center": {
            "trigger": "minecraft:location",
			"conditions": {
				"player":  {
					"player": {
						"advancements": {
							"minecraft:biome/world_center": "true"
						}
					}
				}
			}
        },
		"top": {
            "trigger": "minecraft:location",
			"conditions": {
				"player":  {
					"player": {
						"advancements": {
							"minecraft:biome/world_top": "true"
						}
					}
				}
			}
        },
		"world": {
            "trigger": "minecraft:location",
			"conditions": {
				"player":  {
					"player": {
						"advancements": {
							"minecraft:biome/wrong_world": "true"
						}
					}
				}
			}
        },
		"biome_root": {
            "trigger": "minecraft:location",
			"conditions": {
				"player":  {
					"player": {
						"advancements": {
							"minecraft:biome/root": "true"
						}
					}
				}
			}
        }
    }
}